id,book_id,copy_number,book_code,condition,status,created_at,updated_at,tracking_code,notes,legacy_book_id
9e36ed8b-9131-4419-86a5-c203bdd3909c,8bfd4a8c-c87c-49a6-afc2-accac49c04ee,93,BOOK-327640-29,good,borrowed,2025-07-10T11:18:48.372376+00:00,2025-07-10T11:18:48.372376+00:00,BOOK-327640-29/093/25,Imported from old system - Original BookID: 11506,11506
c3970621-db30-49dc-8b73-66bfa66ede87,439e4621-f76e-4308-bce4-ab1baecb2df5,12,BOOK-776515-518,good,borrowed,2025-07-10T11:26:17.578467+00:00,2025-07-10T11:26:17.578467+00:00,BOOK-776515-518/012/25,Imported from old system - Original BookID: 2426,2426
8c318eba-757f-4c22-9ae3-cd44cc7ad428,439e4621-f76e-4308-bce4-ab1baecb2df5,31,BOOK-776515-518,good,borrowed,2025-07-10T11:26:17.578467+00:00,2025-07-10T11:26:17.578467+00:00,BOOK-776515-518/031/25,Imported from old system - Original BookID: 7309,7309
702e8ed4-e3cf-4fbf-a81b-641c65f345d8,439e4621-f76e-4308-bce4-ab1baecb2df5,2,BOOK-776515-518,good,borrowed,2025-07-10T11:26:17.578467+00:00,2025-07-10T11:26:17.578467+00:00,BOOK-776515-518/002/25,Imported from old system - Original BookID: 2416,2416
71057177-eff1-4dc9-86d0-645df8fbc062,439e4621-f76e-4308-bce4-ab1baecb2df5,76,BOOK-776515-518,good,borrowed,2025-07-10T11:26:17.578467+00:00,2025-07-10T11:26:17.578467+00:00,BOOK-776515-518/076/25,Imported from old system - Original BookID: 8737,8737
52c176c9-7c55-4466-aecf-302e5344c3e4,439e4621-f76e-4308-bce4-ab1baecb2df5,50,BOOK-776515-518,good,borrowed,2025-07-10T11:26:17.578467+00:00,2025-07-10T11:26:17.578467+00:00,BOOK-776515-518/050/25,Imported from old system - Original BookID: 8711,8711
8b264d4d-38e7-4652-8c62-7030ade85b3f,439e4621-f76e-4308-bce4-ab1baecb2df5,179,BOOK-776515-518,good,borrowed,2025-07-10T11:26:17.95235+00:00,2025-07-10T11:26:17.95235+00:00,BOOK-776515-518/179/25,Imported from old system - Original BookID: 11629,11629
bc122933-106a-431c-bb95-62127c8649db,439e4621-f76e-4308-bce4-ab1baecb2df5,54,BOOK-776515-518,good,borrowed,2025-07-10T11:26:17.578467+00:00,2025-07-10T11:26:17.578467+00:00,BOOK-776515-518/054/25,Imported from old system - Original BookID: 8715,8715
746d5e4c-3b12-41e0-8ab5-8f4b25aa7843,439e4621-f76e-4308-bce4-ab1baecb2df5,75,BOOK-776515-518,good,borrowed,2025-07-10T11:26:17.578467+00:00,2025-07-10T11:26:17.578467+00:00,BOOK-776515-518/075/25,Imported from old system - Original BookID: 8736,8736
f41a1a63-035c-4048-9198-577d90188f9b,c025b9e1-8f93-4027-80db-6ad7c62f17cf,32,BOOK-857005-334,good,borrowed,2025-07-10T11:44:17.753573+00:00,2025-07-10T11:44:17.753573+00:00,BOOK-857005-334/032/25,Imported from old system - Original BookID: 11817,11817
904667cb-5bed-42e3-943e-fde8dc08b110,ac411a26-fb4f-4619-b2b2-62e77f3342ba,42,BOOK-497064-312,good,borrowed,2025-07-10T11:38:17.804537+00:00,2025-07-10T11:38:17.804537+00:00,BOOK-497064-312/042/25,Imported from old system - Original BookID: 799,799
6c8d269c-f7fd-46eb-935c-8e1fb5a51892,ac411a26-fb4f-4619-b2b2-62e77f3342ba,39,BOOK-497064-312,good,borrowed,2025-07-10T11:38:17.804537+00:00,2025-07-10T11:38:17.804537+00:00,BOOK-497064-312/039/25,Imported from old system - Original BookID: 796,796
fb81f8b5-bdb7-4112-a463-2ecdffdde6ff,ac411a26-fb4f-4619-b2b2-62e77f3342ba,10,BOOK-497064-312,good,borrowed,2025-07-10T11:38:17.804537+00:00,2025-07-10T11:38:17.804537+00:00,BOOK-497064-312/010/25,Imported from old system - Original BookID: 767,767
41f12194-575f-4bd2-9fc1-c7475c486d9b,d1e70e6e-e6f6-4703-bdec-d56db9433fd3,53,BOOK-334870-344,good,borrowed,2025-07-10T11:18:55.579836+00:00,2025-07-10T11:18:55.579836+00:00,BOOK-334870-344/053/25,Imported from old system - Original BookID: 3635,3635
2ed2158c-aafb-4c56-8893-4c946f143b63,c025b9e1-8f93-4027-80db-6ad7c62f17cf,65,BOOK-857005-334,good,borrowed,2025-07-10T11:44:17.753573+00:00,2025-07-10T11:44:17.753573+00:00,BOOK-857005-334/065/25,Imported from old system - Original BookID: 12207,12207
7498842c-d2bc-4731-ba37-bda2c3822678,675f8058-0b2a-430f-8f75-2404505a24e0,3,BOOK-304451-453,good,borrowed,2025-07-10T11:18:25.111018+00:00,2025-07-10T11:18:25.111018+00:00,BOOK-304451-453/003/25,Imported from old system - Original BookID: 2861,2861
9ebd7c78-2877-49cf-b26d-b44bceb57509,675f8058-0b2a-430f-8f75-2404505a24e0,5,BOOK-304451-453,good,borrowed,2025-07-10T11:18:25.111018+00:00,2025-07-10T11:18:25.111018+00:00,BOOK-304451-453/005/25,Imported from old system - Original BookID: 2863,2863
cd5ceadc-c559-44b8-9215-7df04a9c46b0,f5a83b6d-bde9-400b-8211-cbfea5ba4d46,1,BOOK-305479-838,good,borrowed,2025-07-10T11:18:26.177892+00:00,2025-07-10T11:18:26.177892+00:00,BOOK-305479-838/001/25,Imported from old system - Original BookID: 2869,2869
9d8839a2-8439-4340-acf9-54294814662b,675f8058-0b2a-430f-8f75-2404505a24e0,7,BOOK-304451-453,good,borrowed,2025-07-10T11:18:25.111018+00:00,2025-07-10T11:18:25.111018+00:00,BOOK-304451-453/007/25,Imported from old system - Original BookID: 2865,2865
7505302e-cda9-4a27-8c37-48e2a02b1098,439e4621-f76e-4308-bce4-ab1baecb2df5,22,BOOK-776515-518,good,borrowed,2025-07-10T11:26:17.578467+00:00,2025-07-10T11:26:17.578467+00:00,BOOK-776515-518/022/25,Imported from old system - Original BookID: 7300,7300
1bb02efb-3d38-4b1c-b6c8-948338c0786d,439e4621-f76e-4308-bce4-ab1baecb2df5,20,BOOK-776515-518,good,borrowed,2025-07-10T11:26:17.578467+00:00,2025-07-10T11:26:17.578467+00:00,BOOK-776515-518/020/25,Imported from old system - Original BookID: 2434,2434
33de0dbf-58a5-4db6-bf44-42dcbe2f8518,439e4621-f76e-4308-bce4-ab1baecb2df5,29,BOOK-776515-518,good,borrowed,2025-07-10T11:26:17.578467+00:00,2025-07-10T11:26:17.578467+00:00,BOOK-776515-518/029/25,Imported from old system - Original BookID: 7307,7307
db67d3a5-df74-44f3-b504-6a838a280a75,d1e70e6e-e6f6-4703-bdec-d56db9433fd3,55,BOOK-334870-344,good,borrowed,2025-07-10T11:18:55.579836+00:00,2025-07-10T11:18:55.579836+00:00,BOOK-334870-344/055/25,Imported from old system - Original BookID: 3637,3637
bd016415-e861-4966-a4bb-3e7d0cecffdc,7b0535ea-b647-4f16-a2e5-3158cae9fcf9,89,BOOK-336264-804,good,borrowed,2025-07-10T11:18:57.071983+00:00,2025-07-10T11:18:57.071983+00:00,BOOK-336264-804/089/25,Imported from old system - Original BookID: 11532,11532
ff522a68-289b-4bb5-af17-e293a2ed9b8a,7b0535ea-b647-4f16-a2e5-3158cae9fcf9,22,BOOK-336264-804,good,borrowed,2025-07-10T11:18:57.071983+00:00,2025-07-10T11:18:57.071983+00:00,BOOK-336264-804/022/25,Imported from old system - Original BookID: 8823,8823
ffa6273d-3c8b-4e97-838b-c944772595e9,7b0535ea-b647-4f16-a2e5-3158cae9fcf9,68,BOOK-336264-804,good,borrowed,2025-07-10T11:18:57.071983+00:00,2025-07-10T11:18:57.071983+00:00,BOOK-336264-804/068/25,Imported from old system - Original BookID: 9629,9629
acaf58d7-6755-4ac9-987b-bcb5cc9f4204,d1e70e6e-e6f6-4703-bdec-d56db9433fd3,9,BOOK-334870-344,good,borrowed,2025-07-10T11:18:55.579836+00:00,2025-07-10T11:18:55.579836+00:00,BOOK-334870-344/009/25,Imported from old system - Original BookID: 7143,7143
9b57bc6d-0d62-48d8-b9ad-2a8895c97929,9c0bd4e9-1f58-410d-9a76-7daabdfb4ad3,18,BOOK-332552-792,good,borrowed,2025-07-10T11:18:53.260372+00:00,2025-07-10T11:18:53.260372+00:00,BOOK-332552-792/018/25,Imported from old system - Original BookID: 9558,9558
34b9308f-56e9-4fe0-a521-e81e99af0852,7b0535ea-b647-4f16-a2e5-3158cae9fcf9,57,BOOK-336264-804,good,borrowed,2025-07-10T11:18:57.071983+00:00,2025-07-10T11:18:57.071983+00:00,BOOK-336264-804/057/25,Imported from old system - Original BookID: 9618,9618
cd0a0b9b-858e-446a-9f32-9814cc19eb34,7b0535ea-b647-4f16-a2e5-3158cae9fcf9,25,BOOK-336264-804,good,borrowed,2025-07-10T11:18:57.071983+00:00,2025-07-10T11:18:57.071983+00:00,BOOK-336264-804/025/25,Imported from old system - Original BookID: 8826,8826
2e816b1b-6489-4bf6-8495-e72e4257b526,7b0535ea-b647-4f16-a2e5-3158cae9fcf9,38,BOOK-336264-804,good,borrowed,2025-07-10T11:18:57.071983+00:00,2025-07-10T11:18:57.071983+00:00,BOOK-336264-804/038/25,Imported from old system - Original BookID: 9599,9599
518b82de-f8cb-4ede-8592-73d86501d86d,7b0535ea-b647-4f16-a2e5-3158cae9fcf9,55,BOOK-336264-804,good,borrowed,2025-07-10T11:18:57.071983+00:00,2025-07-10T11:18:57.071983+00:00,BOOK-336264-804/055/25,Imported from old system - Original BookID: 9616,9616
9a8cc43f-1a45-4894-a591-69dcb401fc16,7b0535ea-b647-4f16-a2e5-3158cae9fcf9,45,BOOK-336264-804,good,borrowed,2025-07-10T11:18:57.071983+00:00,2025-07-10T11:18:57.071983+00:00,BOOK-336264-804/045/25,Imported from old system - Original BookID: 9606,9606
793d09ec-2295-430f-b153-49510fc8cecb,7b0535ea-b647-4f16-a2e5-3158cae9fcf9,14,BOOK-336264-804,good,borrowed,2025-07-10T11:18:57.071983+00:00,2025-07-10T11:18:57.071983+00:00,BOOK-336264-804/014/25,Imported from old system - Original BookID: 8815,8815
bd8a85bf-ed4b-4a30-8ffc-0e438a48979f,d1e70e6e-e6f6-4703-bdec-d56db9433fd3,104,BOOK-334870-344,good,borrowed,2025-07-10T11:18:55.896984+00:00,2025-07-10T11:18:55.896984+00:00,BOOK-334870-344/104/25,Imported from old system - Original BookID: 3686,3686
c4bbe58c-5241-4a53-b96d-894a18f5417c,d1e70e6e-e6f6-4703-bdec-d56db9433fd3,41,BOOK-334870-344,good,borrowed,2025-07-10T11:18:55.579836+00:00,2025-07-10T11:18:55.579836+00:00,BOOK-334870-344/041/25,Imported from old system - Original BookID: 3622,3622
349a54e4-887d-422d-a6be-3320a4bf9217,7b0535ea-b647-4f16-a2e5-3158cae9fcf9,61,BOOK-336264-804,good,borrowed,2025-07-10T11:18:57.071983+00:00,2025-07-10T11:18:57.071983+00:00,BOOK-336264-804/061/25,Imported from old system - Original BookID: 9622,9622
c791eb2f-84df-471d-8d47-eeb5d0f8be75,c025b9e1-8f93-4027-80db-6ad7c62f17cf,40,BOOK-857005-334,good,borrowed,2025-07-10T11:44:17.753573+00:00,2025-07-10T11:44:17.753573+00:00,BOOK-857005-334/040/25,Imported from old system - Original BookID: 11825,11825
b905365b-4302-4802-bc66-d76e94b2ce75,c025b9e1-8f93-4027-80db-6ad7c62f17cf,7,BOOK-857005-334,good,borrowed,2025-07-10T11:44:17.753573+00:00,2025-07-10T11:44:17.753573+00:00,BOOK-857005-334/007/25,Imported from old system - Original BookID: 10449,10449
75676875-6f9d-4a3d-9bd7-5d417cdf31e3,dc2749e0-249e-439a-b7a0-cc559e8bd24d,1,BOOK-021105-916,good,borrowed,2025-07-10T11:13:41.789258+00:00,2025-07-10T11:13:41.789258+00:00,BOOK-021105-916/001/25,Imported from old system - Original BookID: 8616,8616
d5ec5c3f-35e3-4033-98ed-f8f3372d4b30,6a58e76b-33bc-4edc-9e72-acef09d437fe,1,BOOK-181107-920,good,borrowed,2025-07-10T11:16:21.7794+00:00,2025-07-10T11:16:21.7794+00:00,BOOK-181107-920/001/25,Imported from old system - Original BookID: 9481,9481
6a92ed87-45b7-4295-9424-e93a90e1b125,411dd87a-2056-4b1a-bd99-5edb0e6bc2c8,5,BOOK-029880-39,good,borrowed,2025-07-10T11:13:50.589975+00:00,2025-07-10T11:13:50.589975+00:00,BOOK-029880-39/005/25,Imported from old system - Original BookID: 12656,12656
e237c1df-969e-4513-b9b4-9b221118d8e2,fe602156-e41d-496b-ae42-0ac68e5890c5,1,BOOK-020059-112,good,borrowed,2025-07-10T11:13:40.736254+00:00,2025-07-10T11:13:40.736254+00:00,BOOK-020059-112/001/25,Imported from old system - Original BookID: 8612,8612
fd392502-f586-46ac-99a1-28c6d07405cc,fe602156-e41d-496b-ae42-0ac68e5890c5,3,BOOK-020059-112,good,borrowed,2025-07-10T11:13:40.736254+00:00,2025-07-10T11:13:40.736254+00:00,BOOK-020059-112/003/25,Imported from old system - Original BookID: 8614,8614
199c973d-7273-4950-b9cb-e5bbe0147dd6,8a6b4b4d-3f42-41db-a61f-724d14ae384b,1,BOOK-027755-125,good,borrowed,2025-07-10T11:13:48.455948+00:00,2025-07-10T11:13:48.455948+00:00,BOOK-027755-125/001/25,Imported from old system - Original BookID: 10380,10380
6b05cc7b-0dd2-47eb-8f75-df01211c070d,fe602156-e41d-496b-ae42-0ac68e5890c5,4,BOOK-020059-112,good,borrowed,2025-07-10T11:13:40.736254+00:00,2025-07-10T11:13:40.736254+00:00,BOOK-020059-112/004/25,Imported from old system - Original BookID: 8615,8615
2b79c7f0-c5b4-4c08-8a67-23e560ac8ce6,5a80e846-8f99-4aa5-b4f8-612d5a702543,2,BOOK-023223-776,good,borrowed,2025-07-10T11:13:44.233961+00:00,2025-07-10T11:13:44.233961+00:00,BOOK-023223-776/002/25,Imported from old system - Original BookID: 10344,10344
da2a0d81-10cc-456d-ae66-3c3ea0f9d799,109575c7-cf35-4b9d-857f-4eab180960aa,6,BOOK-339931-738,good,borrowed,2025-07-10T11:19:00.688233+00:00,2025-07-10T11:19:00.688233+00:00,BOOK-339931-738/006/25,Imported from old system - Original BookID: 3551,3551
b43617bb-2a66-4fca-ba38-0cdfcf4137fb,6e8360b6-1cb1-4cba-ad61-f88df90a7b09,36,BOOK-342505-206,good,borrowed,2025-07-10T11:19:03.154094+00:00,2025-07-10T11:19:03.154094+00:00,BOOK-342505-206/036/25,Imported from old system - Original BookID: 13053,13053
61f71185-dfef-4daf-a44f-795e558e6df0,6e8360b6-1cb1-4cba-ad61-f88df90a7b09,31,BOOK-342505-206,good,borrowed,2025-07-10T11:19:03.154094+00:00,2025-07-10T11:19:03.154094+00:00,BOOK-342505-206/031/25,Imported from old system - Original BookID: 13048,13048
ba8407a9-0ea2-4030-a9da-b0237f66d33d,6e8360b6-1cb1-4cba-ad61-f88df90a7b09,32,BOOK-342505-206,good,borrowed,2025-07-10T11:19:03.154094+00:00,2025-07-10T11:19:03.154094+00:00,BOOK-342505-206/032/25,Imported from old system - Original BookID: 13049,13049
8843ec38-3360-484a-b07d-26659e6ede1e,6e8360b6-1cb1-4cba-ad61-f88df90a7b09,29,BOOK-342505-206,good,borrowed,2025-07-10T11:19:03.154094+00:00,2025-07-10T11:19:03.154094+00:00,BOOK-342505-206/029/25,Imported from old system - Original BookID: 13046,13046
8868512c-5675-4177-a125-e0baa247289a,8eb8a9a1-ece9-4aaa-adc4-620585510d2a,182,BOOK-849487-485,good,borrowed,2025-07-10T11:44:10.579112+00:00,2025-07-10T11:44:10.579112+00:00,BOOK-849487-485/182/25,Imported from old system - Original BookID: 10227,10227
2aecf668-fd88-4b5c-85c2-cb236f39dce3,8bfd4a8c-c87c-49a6-afc2-accac49c04ee,13,BOOK-327640-29,good,borrowed,2025-07-10T11:18:48.372376+00:00,2025-07-10T11:18:48.372376+00:00,BOOK-327640-29/013/25,Imported from old system - Original BookID: 9503,9503
d425e5df-ce25-4840-82bc-ae588c6bfe31,8eb8a9a1-ece9-4aaa-adc4-620585510d2a,70,BOOK-849487-485,good,borrowed,2025-07-10T11:44:10.25366+00:00,2025-07-10T11:44:10.25366+00:00,BOOK-849487-485/070/25,Imported from old system - Original BookID: 4015,4015
ad95fca5-7877-48ef-9e0f-6b1c234bbceb,97932319-ada2-4972-ba41-818d7e3ed4c4,93,BOOK-310647-125,good,borrowed,2025-07-10T11:18:31.36967+00:00,2025-07-10T11:18:31.36967+00:00,BOOK-310647-125/093/25,Imported from old system - Original BookID: 11766,11766
d209f81c-c6f1-47e2-91a9-a4d599e2b2da,8eb8a9a1-ece9-4aaa-adc4-620585510d2a,13,BOOK-849487-485,good,borrowed,2025-07-10T11:44:10.25366+00:00,2025-07-10T11:44:10.25366+00:00,BOOK-849487-485/013/25,Imported from old system - Original BookID: 3958,3958
4c0455c0-7cb1-4ec9-901f-0eb09940a777,f98ddde0-d568-4796-8002-a7b954b9bb8c,257,BOOK-327223-840,good,borrowed,2025-07-10T11:05:21.461348+00:00,2025-07-10T11:05:21.461348+00:00,BOOK-327223-840/257/25,Imported from old system - Original BookID: 12024,12024
739a3bd7-3b42-4a8b-88d5-afcb4c73a1ce,f98ddde0-d568-4796-8002-a7b954b9bb8c,258,BOOK-327223-840,good,borrowed,2025-07-10T11:05:21.461348+00:00,2025-07-10T11:05:21.461348+00:00,BOOK-327223-840/258/25,Imported from old system - Original BookID: 12025,12025
02011617-d329-4358-87e1-19d326ba18a4,8eb8a9a1-ece9-4aaa-adc4-620585510d2a,147,BOOK-849487-485,good,borrowed,2025-07-10T11:44:10.579112+00:00,2025-07-10T11:44:10.579112+00:00,BOOK-849487-485/147/25,Imported from old system - Original BookID: 10192,10192
35c9d1d8-d4a5-4e0f-9dc2-ff3fa03d5edd,8eb8a9a1-ece9-4aaa-adc4-620585510d2a,309,BOOK-849487-485,good,borrowed,2025-07-10T11:44:11.305541+00:00,2025-07-10T11:44:11.305541+00:00,BOOK-849487-485/309/25,Imported from old system - Original BookID: 11871,11871
c0f41ce7-22e2-4d52-87f8-cbc16caf469e,f98ddde0-d568-4796-8002-a7b954b9bb8c,260,BOOK-327223-840,good,borrowed,2025-07-10T11:05:21.461348+00:00,2025-07-10T11:05:21.461348+00:00,BOOK-327223-840/260/25,Imported from old system - Original BookID: 12027,12027
fd0a1bdb-889c-4bb2-a823-79a70aa48272,63742f6f-af75-42b3-824c-6a6f797cd468,2,BOOK-308624-966,good,borrowed,2025-07-10T11:18:29.246519+00:00,2025-07-10T11:18:29.246519+00:00,BOOK-308624-966/002/25,Imported from old system - Original BookID: 9022,9022
2a348403-3f2b-4ed2-a46e-de81aa5dd04b,8bfd4a8c-c87c-49a6-afc2-accac49c04ee,61,BOOK-327640-29,good,borrowed,2025-07-10T11:18:48.372376+00:00,2025-07-10T11:18:48.372376+00:00,BOOK-327640-29/061/25,Imported from old system - Original BookID: 11474,11474
e8758839-7510-4599-b9e6-e5e653b2d32d,8eb8a9a1-ece9-4aaa-adc4-620585510d2a,44,BOOK-849487-485,good,borrowed,2025-07-10T11:44:10.25366+00:00,2025-07-10T11:44:10.25366+00:00,BOOK-849487-485/044/25,Imported from old system - Original BookID: 3989,3989
4b6e593f-1e80-4f50-afe5-584eb86b0fb4,8eb8a9a1-ece9-4aaa-adc4-620585510d2a,293,BOOK-849487-485,good,borrowed,2025-07-10T11:44:10.924739+00:00,2025-07-10T11:44:10.924739+00:00,BOOK-849487-485/293/25,Imported from old system - Original BookID: 11855,11855
e2750a0c-8fae-4500-b6a4-087ad9530379,8bfd4a8c-c87c-49a6-afc2-accac49c04ee,44,BOOK-327640-29,good,borrowed,2025-07-10T11:18:48.372376+00:00,2025-07-10T11:18:48.372376+00:00,BOOK-327640-29/044/25,Imported from old system - Original BookID: 9534,9534
c5a2f578-65ee-4b8e-bc33-1d9801b54448,f98ddde0-d568-4796-8002-a7b954b9bb8c,150,BOOK-327223-840,good,borrowed,2025-07-10T11:05:21.084418+00:00,2025-07-10T11:05:21.084418+00:00,BOOK-327223-840/150/25,Imported from old system - Original BookID: 9131,9131
f179d759-99e0-4782-81a2-9cdc3836fed1,6ede69af-71bf-45fb-851f-33fbb7f09897,28,BOOK-835115-170,good,borrowed,2025-07-10T11:43:55.770812+00:00,2025-07-10T11:43:55.770812+00:00,BOOK-835115-170/028/25,Imported from old system - Original BookID: 12070,12070
b71ba776-0074-4ce3-9802-1154014c8c53,e1e749a3-65a8-4886-8fd6-0ace6861cea0,2,BOOK-282527-896,good,borrowed,2025-07-10T11:18:03.196939+00:00,2025-07-10T11:18:03.196939+00:00,BOOK-282527-896/002/25,Imported from old system - Original BookID: 11922,11922
0d047df1-c862-4fa7-9534-1170e6b0c044,f98ddde0-d568-4796-8002-a7b954b9bb8c,134,BOOK-327223-840,good,borrowed,2025-07-10T11:05:21.084418+00:00,2025-07-10T11:05:21.084418+00:00,BOOK-327223-840/134/25,Imported from old system - Original BookID: 9115,9115
70f31c3a-271e-4317-a9e7-3b9b223e326e,c62f31f1-448b-4ecc-86bf-b022c355eeca,1,BOOK-307560-855,good,borrowed,2025-07-10T11:18:28.24879+00:00,2025-07-10T11:18:28.24879+00:00,BOOK-307560-855/001/25,Imported from old system - Original BookID: 9020,9020
955b79da-c10d-461d-8499-b6b62017d816,97932319-ada2-4972-ba41-818d7e3ed4c4,75,BOOK-310647-125,good,borrowed,2025-07-10T11:18:31.36967+00:00,2025-07-10T11:18:31.36967+00:00,BOOK-310647-125/075/25,Imported from old system - Original BookID: 11748,11748
2d76ea8f-25d3-4193-8055-00d265f99395,8eb8a9a1-ece9-4aaa-adc4-620585510d2a,248,BOOK-849487-485,good,borrowed,2025-07-10T11:44:10.924739+00:00,2025-07-10T11:44:10.924739+00:00,BOOK-849487-485/248/25,Imported from old system - Original BookID: 11663,11663
e4038e51-8542-4b66-ba2f-9f64179d0709,f98ddde0-d568-4796-8002-a7b954b9bb8c,170,BOOK-327223-840,good,borrowed,2025-07-10T11:05:21.084418+00:00,2025-07-10T11:05:21.084418+00:00,BOOK-327223-840/170/25,Imported from old system - Original BookID: 10336,10336
9365d120-32af-4e02-bc62-8e126c117657,8eb8a9a1-ece9-4aaa-adc4-620585510d2a,243,BOOK-849487-485,good,borrowed,2025-07-10T11:44:10.924739+00:00,2025-07-10T11:44:10.924739+00:00,BOOK-849487-485/243/25,Imported from old system - Original BookID: 11658,11658
d9c509d0-b407-4fd4-89fb-cf1331e64337,97932319-ada2-4972-ba41-818d7e3ed4c4,50,BOOK-310647-125,good,borrowed,2025-07-10T11:18:31.36967+00:00,2025-07-10T11:18:31.36967+00:00,BOOK-310647-125/050/25,Imported from old system - Original BookID: 11186,11186
334e44c3-51c8-4c2c-b4a1-6b837b47dc52,f98ddde0-d568-4796-8002-a7b954b9bb8c,93,BOOK-327223-840,good,borrowed,2025-07-10T11:05:20.683596+00:00,2025-07-10T11:05:20.683596+00:00,BOOK-327223-840/093/25,Imported from old system - Original BookID: 9074,9074
b49082f4-1c20-4ca5-93c5-39f9115525a8,8bfd4a8c-c87c-49a6-afc2-accac49c04ee,9,BOOK-327640-29,good,borrowed,2025-07-10T11:18:48.372376+00:00,2025-07-10T11:18:48.372376+00:00,BOOK-327640-29/009/25,Imported from old system - Original BookID: 9499,9499
046fe796-e21b-4d8e-a31d-505a04c9a310,fc364ca6-56af-483d-a743-3376adfe8d5b,4,BOOK-494927-998,good,borrowed,2025-07-10T11:38:15.626758+00:00,2025-07-10T11:38:15.626758+00:00,BOOK-494927-998/004/25,Imported from old system - Original BookID: 848,848
8cbd722d-3e73-453f-8c87-3ee2a0dbe538,8bfd4a8c-c87c-49a6-afc2-accac49c04ee,66,BOOK-327640-29,good,borrowed,2025-07-10T11:18:48.372376+00:00,2025-07-10T11:18:48.372376+00:00,BOOK-327640-29/066/25,Imported from old system - Original BookID: 11479,11479
83c3bbf9-a02f-4e2d-8cb3-1e4a4bafe2f0,8eb8a9a1-ece9-4aaa-adc4-620585510d2a,155,BOOK-849487-485,good,borrowed,2025-07-10T11:44:10.579112+00:00,2025-07-10T11:44:10.579112+00:00,BOOK-849487-485/155/25,Imported from old system - Original BookID: 10200,10200
28334d62-fa9b-4672-8def-bc0a8f24bb95,8bfd4a8c-c87c-49a6-afc2-accac49c04ee,59,BOOK-327640-29,good,borrowed,2025-07-10T11:18:48.372376+00:00,2025-07-10T11:18:48.372376+00:00,BOOK-327640-29/059/25,Imported from old system - Original BookID: 11472,11472
551348e1-9d58-42e0-a803-e9ec747eb946,8eb8a9a1-ece9-4aaa-adc4-620585510d2a,209,BOOK-849487-485,good,borrowed,2025-07-10T11:44:10.924739+00:00,2025-07-10T11:44:10.924739+00:00,BOOK-849487-485/209/25,Imported from old system - Original BookID: 10403,10403
ccefff71-63c8-43bf-9dac-7822a4cabe24,91144110-9210-4154-adf3-6a2960d749cb,64,BOOK-787368-464,good,borrowed,2025-07-10T11:26:28.119959+00:00,2025-07-10T11:26:28.119959+00:00,BOOK-787368-464/064/25,Imported from old system - Original BookID: 3908,3908
41deb4f1-14b0-42c5-a051-8ceae5db3a44,f98ddde0-d568-4796-8002-a7b954b9bb8c,11,BOOK-327223-840,good,borrowed,2025-07-10T11:05:20.683596+00:00,2025-07-10T11:05:20.683596+00:00,BOOK-327223-840/011/25,Imported from old system - Original BookID: 2459,2459
60180b3a-cc26-4162-9eea-4a4df7619401,8eb8a9a1-ece9-4aaa-adc4-620585510d2a,233,BOOK-849487-485,good,borrowed,2025-07-10T11:44:10.924739+00:00,2025-07-10T11:44:10.924739+00:00,BOOK-849487-485/233/25,Imported from old system - Original BookID: 11648,11648
677f5456-c8a6-4727-8336-681b292438ad,97932319-ada2-4972-ba41-818d7e3ed4c4,20,BOOK-310647-125,good,borrowed,2025-07-10T11:18:31.36967+00:00,2025-07-10T11:18:31.36967+00:00,BOOK-310647-125/020/25,Imported from old system - Original BookID: 7905,7905
55856d45-d593-4b13-a1e8-c35a2842e513,f98ddde0-d568-4796-8002-a7b954b9bb8c,45,BOOK-327223-840,good,borrowed,2025-07-10T11:05:20.683596+00:00,2025-07-10T11:05:20.683596+00:00,BOOK-327223-840/045/25,Imported from old system - Original BookID: 5555,5555
d9639103-c9b2-45b4-a91a-bd279a70b4c5,8eb8a9a1-ece9-4aaa-adc4-620585510d2a,276,BOOK-849487-485,good,borrowed,2025-07-10T11:44:10.924739+00:00,2025-07-10T11:44:10.924739+00:00,BOOK-849487-485/276/25,Imported from old system - Original BookID: 11725,11725
612c6a7e-6f0d-4e33-887b-1ccdd000011c,f98ddde0-d568-4796-8002-a7b954b9bb8c,5,BOOK-327223-840,good,borrowed,2025-07-10T11:02:07.938497+00:00,2025-07-10T11:02:07.938497+00:00,BOOK-327223-840/005/25,Imported from old system - Original BookID: 2458,2458
c9d37718-22c6-4140-a165-707e7cfd71a3,f98ddde0-d568-4796-8002-a7b954b9bb8c,155,BOOK-327223-840,good,borrowed,2025-07-10T11:05:21.084418+00:00,2025-07-10T11:05:21.084418+00:00,BOOK-327223-840/155/25,Imported from old system - Original BookID: 9136,9136
2551c8b1-3ab2-413f-ad0c-b32e2c229e6a,97932319-ada2-4972-ba41-818d7e3ed4c4,40,BOOK-310647-125,good,borrowed,2025-07-10T11:18:31.36967+00:00,2025-07-10T11:18:31.36967+00:00,BOOK-310647-125/040/25,Imported from old system - Original BookID: 11176,11176
4139bb65-ebc6-4078-8638-3b67c367d1dd,3c3ef9fa-1059-4a57-994d-3097c996e662,41,BOOK-941892-14,good,borrowed,2025-07-10T11:45:42.57178+00:00,2025-07-10T11:45:42.57178+00:00,BOOK-941892-14/041/25,Imported from old system - Original BookID: 16769,16769
06dbfba4-bf53-465d-ba35-617997f28dce,e93e331a-73f5-4144-bff0-d2f824184466,561,BOOK-360203-904,good,borrowed,2025-07-10T11:52:42.673722+00:00,2025-07-10T11:52:42.673722+00:00,BOOK-360203-904/561/25,Imported from old system - Original BookID: 16628,16628
2745796f-5031-47c5-8683-b44724f72769,3c3ef9fa-1059-4a57-994d-3097c996e662,27,BOOK-941892-14,good,borrowed,2025-07-10T11:45:42.57178+00:00,2025-07-10T11:45:42.57178+00:00,BOOK-941892-14/027/25,Imported from old system - Original BookID: 16755,16755
8ae8e7a3-f49a-4c28-98b3-ce434a74c96f,798bb5ad-d6c1-4067-aa92-01b53802da91,7,BOOK-419769-918,good,borrowed,2025-07-10T11:37:00.412867+00:00,2025-07-10T11:37:00.412867+00:00,BOOK-419769-918/007/25,Imported from old system - Original BookID: 11967,11967
595c55bf-6e0f-4ce9-ae9e-1402b45d3704,d6f3f904-b8aa-442a-81f1-fd83a5a98f3d,15,BOOK-930835-744,good,borrowed,2025-07-10T11:28:51.499425+00:00,2025-07-10T11:28:51.499425+00:00,BOOK-930835-744/015/25,Imported from old system - Original BookID: 1540,1540
df185e09-4ade-47a5-8870-fc98bd366162,f7302dcf-8569-4455-92b6-96502b96ce1c,1,BOOK-958045-720,good,borrowed,2025-07-10T11:12:38.741804+00:00,2025-07-10T11:12:38.741804+00:00,BOOK-958045-720/001/25,Imported from old system - Original BookID: 16258,16258
41f833cb-f7a5-44e9-b5d9-09921ee5aa9b,bddf506b-a99b-40f5-a45c-697cf25efbcb,359,BOOK-916372-224,good,borrowed,2025-07-10T11:45:18.134303+00:00,2025-07-10T11:45:18.134303+00:00,BOOK-916372-224/359/25,Imported from old system - Original BookID: 15987,15987
a0938834-ec16-47e3-ad0d-06a781aaddbd,fadcce8f-a0ea-4a4c-9cee-a39b523d8060,106,BOOK-580726-548,good,borrowed,2025-07-10T11:39:41.841302+00:00,2025-07-10T11:39:41.841302+00:00,BOOK-580726-548/106/25,Imported from old system - Original BookID: 14752,14752
f0b97068-ea3b-4bff-b582-350311db5a91,bddf506b-a99b-40f5-a45c-697cf25efbcb,360,BOOK-916372-224,good,borrowed,2025-07-10T11:45:18.134303+00:00,2025-07-10T11:45:18.134303+00:00,BOOK-916372-224/360/25,Imported from old system - Original BookID: 15988,15988
bead1618-2d76-4c17-9718-23eb7ca7add3,7cfce6d9-92b5-4d21-94bd-23e921e4a6b7,93,BOOK-698616-925,good,borrowed,2025-07-10T11:08:19.364033+00:00,2025-07-10T11:08:19.364033+00:00,BOOK-698616-925/093/25,Imported from old system - Original BookID: 14423,14423
527c95a0-900e-4137-aec9-94ea1164aada,3aa18cf0-8dd6-404e-b606-8eacd9fb92cf,20,BOOK-537978-766,good,borrowed,2025-07-10T11:38:58.714145+00:00,2025-07-10T11:38:58.714145+00:00,BOOK-537978-766/020/25,Imported from old system - Original BookID: 1419,1419
3b042a5c-1d51-4a87-8ed7-8ef5cd86aacd,a09d585a-c1c9-425f-903c-b5f386c4bfa3,11,BOOK-806076-513,good,borrowed,2025-07-10T11:10:06.771821+00:00,2025-07-10T11:10:06.771821+00:00,BOOK-806076-513/011/25,Imported from old system - Original BookID: 10832,10832
c8997b0c-ac91-400f-acbd-83a9054e1b90,a71b750f-17d7-4667-a839-29fd458591d9,5,BOOK-994396-792,good,borrowed,2025-07-10T11:13:15.130931+00:00,2025-07-10T11:13:15.130931+00:00,BOOK-994396-792/005/25,Imported from old system - Original BookID: 3134,3134
d6caa686-d4ff-4fee-886d-f0a7e1d4fbae,1adcb970-7661-49eb-a9f9-946ee5be03b8,7,BOOK-833480-761,good,borrowed,2025-07-10T11:27:14.205946+00:00,2025-07-10T11:27:14.205946+00:00,BOOK-833480-761/007/25,Imported from old system - Original BookID: 21195,21195
3a72283a-db97-4f21-a39a-26294239f8f3,7cfce6d9-92b5-4d21-94bd-23e921e4a6b7,31,BOOK-698616-925,good,borrowed,2025-07-10T11:08:19.364033+00:00,2025-07-10T11:08:19.364033+00:00,BOOK-698616-925/031/25,Imported from old system - Original BookID: 14361,14361
a49e1435-8276-41e4-be6b-8e41696dabc6,4bc26db7-2f34-4849-a620-b0bef52d441f,16,BOOK-923343-737,good,borrowed,2025-07-10T11:45:24.003064+00:00,2025-07-10T11:45:24.003064+00:00,BOOK-923343-737/016/25,Imported from old system - Original BookID: 10940,10940
3ad3b130-995b-4ee6-9d3e-fcd1319f110b,7cfce6d9-92b5-4d21-94bd-23e921e4a6b7,1,BOOK-698616-925,good,borrowed,2025-07-10T11:08:19.364033+00:00,2025-07-10T11:08:19.364033+00:00,BOOK-698616-925/001/25,Imported from old system - Original BookID: 14331,14331
45c9445b-138b-41cd-9350-b51696010950,45427a9a-c471-4c92-8b30-7d5092612510,77,BOOK-351619-105,good,borrowed,2025-07-10T11:52:32.347255+00:00,2025-07-10T11:52:32.347255+00:00,BOOK-351619-105/077/25,Imported from old system - Original BookID: 14505,14505
2ff971bb-5595-483b-9efb-ba042313093a,45427a9a-c471-4c92-8b30-7d5092612510,83,BOOK-351619-105,good,borrowed,2025-07-10T11:52:32.347255+00:00,2025-07-10T11:52:32.347255+00:00,BOOK-351619-105/083/25,Imported from old system - Original BookID: 14511,14511
359d0bea-1cf8-4ffd-a323-80dba9cc479d,07378d06-208a-4a2a-9123-5d2af32089eb,4,BOOK-374891-879,good,borrowed,2025-07-10T11:36:15.649318+00:00,2025-07-10T11:36:15.649318+00:00,BOOK-374891-879/004/25,Imported from old system - Original BookID: 8253,8253
8403388a-147a-45d8-9ef1-fd250e9c0f53,c71a5dcd-b6b3-4fb8-83cb-8a03aedf457c,13,BOOK-275287-443,good,borrowed,2025-07-10T11:51:16.042708+00:00,2025-07-10T11:51:16.042708+00:00,BOOK-275287-443/013/25,Imported from old system - Original BookID: 21271,21271
83b362e3-1305-4c4e-b3ef-5e87ac1a28ac,fd9627ea-684e-4206-b0a7-c5ac13af29c0,264,BOOK-026185-467,good,borrowed,2025-07-10T11:30:27.704697+00:00,2025-07-10T11:30:27.704697+00:00,BOOK-026185-467/264/25,Imported from old system - Original BookID: 37139,37139
e8557913-6656-4ce4-91b3-b14efec1f544,bf5bd596-55c3-4498-b607-207b8a335012,31,BOOK-754349-565,good,borrowed,2025-07-10T11:42:35.057052+00:00,2025-07-10T11:42:35.057052+00:00,BOOK-754349-565/031/25,Imported from old system - Original BookID: 35830,35830
f1fa8340-9938-4a30-8274-58a259b783db,602685a6-7ea5-4863-ba16-0861d4845aba,683,BOOK-549922-89,good,borrowed,2025-07-10T11:39:12.81356+00:00,2025-07-10T11:39:12.81356+00:00,BOOK-549922-89/683/25,Imported from old system - Original BookID: 35789,35789
02cc22fe-8de9-4cf0-bb03-5ef53a8d921e,bb6117ff-99dc-414e-8774-afede192158c,154,BOOK-719156-252,good,borrowed,2025-07-10T11:42:00.279684+00:00,2025-07-10T11:42:00.279684+00:00,BOOK-719156-252/154/25,Imported from old system - Original BookID: 31681,31681
8ff10cda-4b3e-4610-ae04-bb0f0467580f,8eb8a9a1-ece9-4aaa-adc4-620585510d2a,373,BOOK-849487-485,good,borrowed,2025-07-10T11:44:11.305541+00:00,2025-07-10T11:44:11.305541+00:00,BOOK-849487-485/373/25,Imported from old system - Original BookID: 13539,13539
61c328e5-5f55-4657-bbca-3a6c73aef840,72c522a2-024d-46ed-9856-9e1a07ba6851,461,BOOK-383686-823,good,borrowed,2025-07-10T11:19:45.881221+00:00,2025-07-10T11:19:45.881221+00:00,BOOK-383686-823/461/25,Imported from old system - Original BookID: 35196,35196
c2c97745-4f5f-4b6d-97f0-13d128543863,1ae9afbf-fb21-4f85-a0ab-2f2c4493548d,135,BOOK-517152-578,good,borrowed,2025-07-10T11:38:38.203719+00:00,2025-07-10T11:38:38.203719+00:00,BOOK-517152-578/135/25,Imported from old system - Original BookID: 34040,34040
5849f5d9-974d-41c0-8e2b-96e7626ab9db,fc364ca6-56af-483d-a743-3376adfe8d5b,29,BOOK-494927-998,good,borrowed,2025-07-10T11:38:15.626758+00:00,2025-07-10T11:38:15.626758+00:00,BOOK-494927-998/029/25,Imported from old system - Original BookID: 873,873
ba79fa48-f525-45f3-8a20-7a886d5fdf26,f98ddde0-d568-4796-8002-a7b954b9bb8c,98,BOOK-327223-840,good,borrowed,2025-07-10T11:05:20.683596+00:00,2025-07-10T11:05:20.683596+00:00,BOOK-327223-840/098/25,Imported from old system - Original BookID: 9079,9079
ede4e3a7-e4da-40e4-9335-aa272046f63c,eb22c135-18a5-4d8f-8ea7-0b3075387eda,5,BOOK-015273-692,good,borrowed,2025-07-10T11:30:15.957448+00:00,2025-07-10T11:30:15.957448+00:00,BOOK-015273-692/005/25,Imported from old system - Original BookID: 90,90
c21e293b-c7b9-4335-9f5d-e799a79fda6d,f98ddde0-d568-4796-8002-a7b954b9bb8c,203,BOOK-327223-840,good,borrowed,2025-07-10T11:05:21.084418+00:00,2025-07-10T11:05:21.084418+00:00,BOOK-327223-840/203/25,Imported from old system - Original BookID: 11568,11568
b8147e7c-9efd-4952-87f7-45300a964628,f98ddde0-d568-4796-8002-a7b954b9bb8c,115,BOOK-327223-840,good,borrowed,2025-07-10T11:05:21.084418+00:00,2025-07-10T11:05:21.084418+00:00,BOOK-327223-840/115/25,Imported from old system - Original BookID: 9096,9096
87de8b92-6a2e-48fa-8f7e-40a18d0f37a6,f98ddde0-d568-4796-8002-a7b954b9bb8c,181,BOOK-327223-840,good,borrowed,2025-07-10T11:05:21.084418+00:00,2025-07-10T11:05:21.084418+00:00,BOOK-327223-840/181/25,Imported from old system - Original BookID: 11071,11071
d84f817d-bf2f-45ed-b0ea-77d5abb8db13,f98ddde0-d568-4796-8002-a7b954b9bb8c,29,BOOK-327223-840,good,borrowed,2025-07-10T11:05:20.683596+00:00,2025-07-10T11:05:20.683596+00:00,BOOK-327223-840/029/25,Imported from old system - Original BookID: 5539,5539
2cf8642c-48c7-4bb5-a88b-8ed39da745ea,8eb8a9a1-ece9-4aaa-adc4-620585510d2a,118,BOOK-849487-485,good,borrowed,2025-07-10T11:44:10.579112+00:00,2025-07-10T11:44:10.579112+00:00,BOOK-849487-485/118/25,Imported from old system - Original BookID: 4064,4064
22792149-2369-4ada-934f-15470b9f1f49,8eb8a9a1-ece9-4aaa-adc4-620585510d2a,106,BOOK-849487-485,good,borrowed,2025-07-10T11:44:10.579112+00:00,2025-07-10T11:44:10.579112+00:00,BOOK-849487-485/106/25,Imported from old system - Original BookID: 4051,4051
6995cbc0-7814-45cc-953b-4e8722b06aa6,5186e9cd-f7cf-449b-83aa-9200e623b336,2,BOOK-650952-878,good,borrowed,2025-07-10T11:40:51.683848+00:00,2025-07-10T11:40:51.683848+00:00,BOOK-650952-878/002/25,Imported from old system - Original BookID: 156,156
a5e71db2-37c5-408f-9720-9cac699f57ac,e8e07c9f-5e08-4486-a0bd-e1769321aeee,16,BOOK-770725-679,good,borrowed,2025-07-10T11:26:11.493106+00:00,2025-07-10T11:26:11.493106+00:00,BOOK-770725-679/016/25,Imported from old system - Original BookID: 2450,2450
8e293c8a-b90d-4a83-b62a-bfc449e01d8c,e8e07c9f-5e08-4486-a0bd-e1769321aeee,154,BOOK-770725-679,good,borrowed,2025-07-10T11:26:11.850418+00:00,2025-07-10T11:26:11.850418+00:00,BOOK-770725-679/154/25,Imported from old system - Original BookID: 9205,9205
352c5fdf-1d0d-492b-8961-dee4392816ca,e8e07c9f-5e08-4486-a0bd-e1769321aeee,115,BOOK-770725-679,good,borrowed,2025-07-10T11:26:11.850418+00:00,2025-07-10T11:26:11.850418+00:00,BOOK-770725-679/115/25,Imported from old system - Original BookID: 9166,9166
611b8c5d-0960-4296-ac92-c0d8e76c696c,e8e07c9f-5e08-4486-a0bd-e1769321aeee,966,BOOK-770725-679,good,borrowed,2025-07-10T11:26:14.958336+00:00,2025-07-10T11:26:14.958336+00:00,BOOK-770725-679/966/25,Imported from old system - Original BookID: 7534,7534
6a80a6f5-a6fd-4073-8e7f-faa3a74c8d71,e8e07c9f-5e08-4486-a0bd-e1769321aeee,129,BOOK-770725-679,good,borrowed,2025-07-10T11:26:11.850418+00:00,2025-07-10T11:26:11.850418+00:00,BOOK-770725-679/129/25,Imported from old system - Original BookID: 9180,9180
696453f6-56e7-4ead-ac6c-28360ecea64d,e8e07c9f-5e08-4486-a0bd-e1769321aeee,931,BOOK-770725-679,good,borrowed,2025-07-10T11:26:14.958336+00:00,2025-07-10T11:26:14.958336+00:00,BOOK-770725-679/931/25,Imported from old system - Original BookID: 7499,7499
e655b4a2-0793-4d74-9dd3-51ad9132b572,e8e07c9f-5e08-4486-a0bd-e1769321aeee,146,BOOK-770725-679,good,borrowed,2025-07-10T11:26:11.850418+00:00,2025-07-10T11:26:11.850418+00:00,BOOK-770725-679/146/25,Imported from old system - Original BookID: 9197,9197
d9a2fa84-7384-4037-b233-6a54d4b1a02a,e8e07c9f-5e08-4486-a0bd-e1769321aeee,973,BOOK-770725-679,good,borrowed,2025-07-10T11:26:14.958336+00:00,2025-07-10T11:26:14.958336+00:00,BOOK-770725-679/973/25,Imported from old system - Original BookID: 7541,7541
b529d911-6e8d-43fd-aa44-3aac85912b46,e8e07c9f-5e08-4486-a0bd-e1769321aeee,36,BOOK-770725-679,good,borrowed,2025-07-10T11:26:11.493106+00:00,2025-07-10T11:26:11.493106+00:00,BOOK-770725-679/036/25,Imported from old system - Original BookID: 7294,7294
d40e6246-2240-453f-8cc7-74fea5525f6c,e8e07c9f-5e08-4486-a0bd-e1769321aeee,906,BOOK-770725-679,good,borrowed,2025-07-10T11:26:14.958336+00:00,2025-07-10T11:26:14.958336+00:00,BOOK-770725-679/906/25,Imported from old system - Original BookID: 7474,7474
f906d573-892c-4e1e-9c56-75cf2a053eb6,e8e07c9f-5e08-4486-a0bd-e1769321aeee,927,BOOK-770725-679,good,borrowed,2025-07-10T11:26:14.958336+00:00,2025-07-10T11:26:14.958336+00:00,BOOK-770725-679/927/25,Imported from old system - Original BookID: 7495,7495
70f9f052-45a1-4685-9b50-c70a127e0d72,e8e07c9f-5e08-4486-a0bd-e1769321aeee,96,BOOK-770725-679,good,borrowed,2025-07-10T11:26:11.493106+00:00,2025-07-10T11:26:11.493106+00:00,BOOK-770725-679/096/25,Imported from old system - Original BookID: 9147,9147
5b547a7e-2b55-40c2-a222-536b8477025a,e8e07c9f-5e08-4486-a0bd-e1769321aeee,100,BOOK-770725-679,good,borrowed,2025-07-10T11:26:11.493106+00:00,2025-07-10T11:26:11.493106+00:00,BOOK-770725-679/100/25,Imported from old system - Original BookID: 9151,9151
98140900-7b27-4806-9d96-2dee6064d330,439e4621-f76e-4308-bce4-ab1baecb2df5,143,BOOK-776515-518,good,borrowed,2025-07-10T11:26:17.95235+00:00,2025-07-10T11:26:17.95235+00:00,BOOK-776515-518/143/25,Imported from old system - Original BookID: 10397,10397
5f3152c2-015a-497c-9cb4-178fa9504577,e8e07c9f-5e08-4486-a0bd-e1769321aeee,116,BOOK-770725-679,good,borrowed,2025-07-10T11:26:11.850418+00:00,2025-07-10T11:26:11.850418+00:00,BOOK-770725-679/116/25,Imported from old system - Original BookID: 9167,9167
f79ac27c-e1a2-4a99-94c2-114e7fc50e38,064debc9-a78d-4dc7-af1e-b00bc5084416,50,BOOK-337759-452,good,borrowed,2025-07-10T11:18:58.464467+00:00,2025-07-10T11:18:58.464467+00:00,BOOK-337759-452/050/25,Imported from old system - Original BookID: 12978,12978
b2fce2bd-daf5-4413-92d4-eed06471d67b,064debc9-a78d-4dc7-af1e-b00bc5084416,51,BOOK-337759-452,good,borrowed,2025-07-10T11:18:58.464467+00:00,2025-07-10T11:18:58.464467+00:00,BOOK-337759-452/051/25,Imported from old system - Original BookID: 12979,12979
3efde789-25d1-4efc-90b2-03a50fe5862e,064debc9-a78d-4dc7-af1e-b00bc5084416,20,BOOK-337759-452,good,borrowed,2025-07-10T11:18:58.464467+00:00,2025-07-10T11:18:58.464467+00:00,BOOK-337759-452/020/25,Imported from old system - Original BookID: 12948,12948
5b229880-2ac5-4126-a6ed-f3e7815399b1,064debc9-a78d-4dc7-af1e-b00bc5084416,53,BOOK-337759-452,good,borrowed,2025-07-10T11:18:58.464467+00:00,2025-07-10T11:18:58.464467+00:00,BOOK-337759-452/053/25,Imported from old system - Original BookID: 12981,12981
d03cbd04-8b6e-420b-9943-fc022e70a680,064debc9-a78d-4dc7-af1e-b00bc5084416,52,BOOK-337759-452,good,borrowed,2025-07-10T11:18:58.464467+00:00,2025-07-10T11:18:58.464467+00:00,BOOK-337759-452/052/25,Imported from old system - Original BookID: 12980,12980
2e7775b6-9420-490a-b77a-8a142269fdd1,064debc9-a78d-4dc7-af1e-b00bc5084416,13,BOOK-337759-452,good,borrowed,2025-07-10T11:18:58.464467+00:00,2025-07-10T11:18:58.464467+00:00,BOOK-337759-452/013/25,Imported from old system - Original BookID: 12941,12941
c7d6b9e7-c7b6-4b1a-b5c8-23a6f9b727a4,064debc9-a78d-4dc7-af1e-b00bc5084416,16,BOOK-337759-452,good,borrowed,2025-07-10T11:18:58.464467+00:00,2025-07-10T11:18:58.464467+00:00,BOOK-337759-452/016/25,Imported from old system - Original BookID: 12944,12944
1ec9b457-3ec9-4d33-9be6-a4c20e858a84,064debc9-a78d-4dc7-af1e-b00bc5084416,55,BOOK-337759-452,good,borrowed,2025-07-10T11:18:58.464467+00:00,2025-07-10T11:18:58.464467+00:00,BOOK-337759-452/055/25,Imported from old system - Original BookID: 12983,12983
b54d9ef3-8513-4ec9-828e-48f543ccae14,064debc9-a78d-4dc7-af1e-b00bc5084416,14,BOOK-337759-452,good,borrowed,2025-07-10T11:18:58.464467+00:00,2025-07-10T11:18:58.464467+00:00,BOOK-337759-452/014/25,Imported from old system - Original BookID: 12942,12942
94a633e2-4ebc-4d3e-b25a-190fa1ca5376,064debc9-a78d-4dc7-af1e-b00bc5084416,18,BOOK-337759-452,good,borrowed,2025-07-10T11:18:58.464467+00:00,2025-07-10T11:18:58.464467+00:00,BOOK-337759-452/018/25,Imported from old system - Original BookID: 12946,12946
8f3c3e1e-4c87-4da6-9fbe-c02e56e96913,109575c7-cf35-4b9d-857f-4eab180960aa,105,BOOK-339931-738,good,borrowed,2025-07-10T11:19:00.985245+00:00,2025-07-10T11:19:00.985245+00:00,BOOK-339931-738/105/25,Imported from old system - Original BookID: 7203,7203
841b886a-d94f-474a-bc96-8f4a8493fc2a,6e8360b6-1cb1-4cba-ad61-f88df90a7b09,25,BOOK-342505-206,good,borrowed,2025-07-10T11:19:03.154094+00:00,2025-07-10T11:19:03.154094+00:00,BOOK-342505-206/025/25,Imported from old system - Original BookID: 13042,13042
f216b6f2-ded1-4bf1-a25b-a1d5b6c249aa,6e8360b6-1cb1-4cba-ad61-f88df90a7b09,9,BOOK-342505-206,good,borrowed,2025-07-10T11:19:03.154094+00:00,2025-07-10T11:19:03.154094+00:00,BOOK-342505-206/009/25,Imported from old system - Original BookID: 13026,13026
4a68b00b-0240-475d-af10-cf5b8f819c2c,8e0e5f25-ffe1-461b-bbfc-6018bdc2282a,37,BOOK-341389-260,good,borrowed,2025-07-10T11:19:02.100271+00:00,2025-07-10T11:19:02.100271+00:00,BOOK-341389-260/037/25,Imported from old system - Original BookID: 9678,9678
0c902573-f14d-44db-b613-178dbba28ba4,6e8360b6-1cb1-4cba-ad61-f88df90a7b09,1,BOOK-342505-206,good,borrowed,2025-07-10T11:19:03.154094+00:00,2025-07-10T11:19:03.154094+00:00,BOOK-342505-206/001/25,Imported from old system - Original BookID: 13018,13018
f78bb708-5f8e-4593-8f98-dc49902f75ab,6e8360b6-1cb1-4cba-ad61-f88df90a7b09,22,BOOK-342505-206,good,borrowed,2025-07-10T11:19:03.154094+00:00,2025-07-10T11:19:03.154094+00:00,BOOK-342505-206/022/25,Imported from old system - Original BookID: 13039,13039
1b68a4ee-8228-47ef-8e5c-404e42048505,109575c7-cf35-4b9d-857f-4eab180960aa,57,BOOK-339931-738,good,borrowed,2025-07-10T11:19:00.688233+00:00,2025-07-10T11:19:00.688233+00:00,BOOK-339931-738/057/25,Imported from old system - Original BookID: 3602,3602
676262a8-faed-4537-827d-0b3f1e31d56f,6e8360b6-1cb1-4cba-ad61-f88df90a7b09,7,BOOK-342505-206,good,borrowed,2025-07-10T11:19:03.154094+00:00,2025-07-10T11:19:03.154094+00:00,BOOK-342505-206/007/25,Imported from old system - Original BookID: 13024,13024
1406edb0-d524-4c4f-8ef5-a1dc34eae9d7,109575c7-cf35-4b9d-857f-4eab180960aa,64,BOOK-339931-738,good,borrowed,2025-07-10T11:19:00.688233+00:00,2025-07-10T11:19:00.688233+00:00,BOOK-339931-738/064/25,Imported from old system - Original BookID: 3609,3609
29d2234d-a319-4af9-80d9-8765fa61249e,6afdc1f9-4090-4137-b0c5-c12fa765530d,99,BOOK-861610-361,good,borrowed,2025-07-10T11:44:22.328651+00:00,2025-07-10T11:44:22.328651+00:00,BOOK-861610-361/099/25,Imported from old system - Original BookID: 12288,12288
086a47a9-9f05-4b18-80ba-3b5de072a729,6afdc1f9-4090-4137-b0c5-c12fa765530d,94,BOOK-861610-361,good,borrowed,2025-07-10T11:44:22.328651+00:00,2025-07-10T11:44:22.328651+00:00,BOOK-861610-361/094/25,Imported from old system - Original BookID: 12283,12283
2703483f-6266-4c62-a319-36278520c670,6afdc1f9-4090-4137-b0c5-c12fa765530d,102,BOOK-861610-361,good,borrowed,2025-07-10T11:44:22.696953+00:00,2025-07-10T11:44:22.696953+00:00,BOOK-861610-361/102/25,Imported from old system - Original BookID: 12291,12291
bfd66b15-7fbf-4389-94da-37f9dda67737,6e8360b6-1cb1-4cba-ad61-f88df90a7b09,18,BOOK-342505-206,good,borrowed,2025-07-10T11:19:03.154094+00:00,2025-07-10T11:19:03.154094+00:00,BOOK-342505-206/018/25,Imported from old system - Original BookID: 13035,13035
7f21272b-c8c4-4761-9e1e-b0e5438cd321,6e8360b6-1cb1-4cba-ad61-f88df90a7b09,24,BOOK-342505-206,good,borrowed,2025-07-10T11:19:03.154094+00:00,2025-07-10T11:19:03.154094+00:00,BOOK-342505-206/024/25,Imported from old system - Original BookID: 13041,13041
927f5c09-af0b-47e7-922b-85e5614763c6,6e8360b6-1cb1-4cba-ad61-f88df90a7b09,4,BOOK-342505-206,good,borrowed,2025-07-10T11:19:03.154094+00:00,2025-07-10T11:19:03.154094+00:00,BOOK-342505-206/004/25,Imported from old system - Original BookID: 13021,13021
9b171835-05c6-4080-81e0-1d9e06ca0485,6e8360b6-1cb1-4cba-ad61-f88df90a7b09,16,BOOK-342505-206,good,borrowed,2025-07-10T11:19:03.154094+00:00,2025-07-10T11:19:03.154094+00:00,BOOK-342505-206/016/25,Imported from old system - Original BookID: 13033,13033
e80d6dc3-5fab-4836-9fca-a02352a5d100,7b0535ea-b647-4f16-a2e5-3158cae9fcf9,87,BOOK-336264-804,good,borrowed,2025-07-10T11:18:57.071983+00:00,2025-07-10T11:18:57.071983+00:00,BOOK-336264-804/087/25,Imported from old system - Original BookID: 11530,11530
00da950d-bb47-4ae8-848b-f335d8af33d6,d5699e8b-ed83-4a8d-8a68-43dd915f5019,12,BOOK-581282-706,good,borrowed,2025-07-10T11:23:01.932221+00:00,2025-07-10T11:23:01.932221+00:00,BOOK-581282-706/012/25,Imported from old system - Original BookID: 6635,6635
56b44973-1e8c-4306-8d4a-ada8f730e7ec,8c3d70fd-7aef-4cce-98ab-56308284dd11,16,BOOK-600712-831,good,borrowed,2025-07-10T11:06:41.427754+00:00,2025-07-10T11:06:41.427754+00:00,BOOK-600712-831/016/25,Imported from old system - Original BookID: 960,960
09fb8b18-9375-4b82-8fdf-6b4efc7fa5e4,c8c848d3-b20b-41b0-a004-dc906010ffe2,1,BOOK-295955-484,good,borrowed,2025-07-10T11:18:16.580834+00:00,2025-07-10T11:18:16.580834+00:00,BOOK-295955-484/001/25,Imported from old system - Original BookID: 3268,3268
7e7f4aa0-a85b-4c61-9eb9-01ead3ef5143,e7d07d77-d075-40e8-8474-f9c9a8718269,1,BOOK-816614-476,good,borrowed,2025-07-10T11:10:17.655471+00:00,2025-07-10T11:10:17.655471+00:00,BOOK-816614-476/001/25,Imported from old system - Original BookID: 2275,2275
06bfdca6-788e-4dc6-91cb-f70cd5189db7,47481cc9-5964-421b-8f4d-cb79807875e3,4,BOOK-536950-891,good,borrowed,2025-07-10T11:38:57.612146+00:00,2025-07-10T11:38:57.612146+00:00,BOOK-536950-891/004/25,Imported from old system - Original BookID: 1423,1423
497edd35-60f8-4b4d-8f13-659f078a7e67,064ff3e8-0563-496b-a82d-c0d95bf77d98,8,BOOK-037701-911,good,borrowed,2025-07-10T11:30:38.418531+00:00,2025-07-10T11:30:38.418531+00:00,BOOK-037701-911/008/25,Imported from old system - Original BookID: 2630,2630
fc7e3e0d-4034-46be-8bd5-0bd8aa2e953e,48bb6bac-e0e0-453d-9d37-4b4b965635b6,8,BOOK-412292-572,good,borrowed,2025-07-10T11:36:53.005237+00:00,2025-07-10T11:36:53.005237+00:00,BOOK-412292-572/008/25,Imported from old system - Original BookID: 14,14
686b76b4-e486-4be7-955f-e905e9481ee3,3b771d4d-4f62-4196-b932-4755cb8c5037,17,BOOK-769633-109,good,borrowed,2025-07-10T11:26:10.318046+00:00,2025-07-10T11:26:10.318046+00:00,BOOK-769633-109/017/25,Imported from old system - Original BookID: 7561,7561
54fa2785-32ab-488f-80d9-6f98c44e7618,60dc6641-766d-4a02-96c3-c4cc8a80575b,3,BOOK-852281-266,good,borrowed,2025-07-10T11:10:52.984193+00:00,2025-07-10T11:10:52.984193+00:00,BOOK-852281-266/003/25,Imported from old system - Original BookID: 3,3
40cd8a51-6b36-4697-a507-24b00e3bb914,ab75bc3d-0171-4042-aa26-67784560bb91,4,BOOK-956693-92,good,borrowed,2025-07-10T11:29:17.417141+00:00,2025-07-10T11:29:17.417141+00:00,BOOK-956693-92/004/25,Imported from old system - Original BookID: 3168,3168
1a52db36-fe7c-4902-82e4-5353276d9ccc,c351f0d0-940b-46fe-af19-db04842f0d97,7,BOOK-148730-642,good,borrowed,2025-07-10T11:49:09.441952+00:00,2025-07-10T11:49:09.441952+00:00,BOOK-148730-642/007/25,Imported from old system - Original BookID: 7691,7691
c5b51a4d-910e-4619-897b-52294907be9d,445be174-f070-48f9-8b57-e943b93f9116,12,BOOK-403066-344,good,borrowed,2025-07-10T11:53:23.729086+00:00,2025-07-10T11:53:23.729086+00:00,BOOK-403066-344/012/25,Imported from old system - Original BookID: 5471,5471
2c4e2692-3a3b-4cf0-9c6d-e951a726ef37,15221955-19c4-459e-a767-ca51bed99828,8,BOOK-069355-512,good,borrowed,2025-07-10T11:14:30.132823+00:00,2025-07-10T11:14:30.132823+00:00,BOOK-069355-512/008/25,Imported from old system - Original BookID: 8031,8031
347bb94e-aad9-41e1-a728-c6758e50199a,88c54af3-d290-486e-b044-f54c9fc1e71d,12,BOOK-582334-591,good,borrowed,2025-07-10T11:06:23.023055+00:00,2025-07-10T11:06:23.023055+00:00,BOOK-582334-591/012/25,Imported from old system - Original BookID: 5193,5193
1de56d35-1abd-4919-a769-bab93a112b88,d8530847-7b7d-4640-bac4-1bb0ce93be30,1,BOOK-019429-103,good,borrowed,2025-07-10T11:47:00.098994+00:00,2025-07-10T11:47:00.098994+00:00,BOOK-019429-103/001/25,Imported from old system - Original BookID: 8016,8016
66fe40d9-b48b-4e5d-8a0f-53a3d3c54c48,cc75d830-754c-4923-aa17-731dfefc9d47,2,BOOK-006658-776,good,borrowed,2025-07-10T11:46:47.372753+00:00,2025-07-10T11:46:47.372753+00:00,BOOK-006658-776/002/25,Imported from old system - Original BookID: 8022,8022
ded19ff9-4605-4324-90ab-a675d01ea4d4,450cb097-281e-4cad-b76e-31e7cbaf6521,14,BOOK-013029-118,good,borrowed,2025-07-10T11:46:53.718691+00:00,2025-07-10T11:46:53.718691+00:00,BOOK-013029-118/014/25,Imported from old system - Original BookID: 9994,9994
bcc48fa1-b291-4818-b006-66bbd077aec7,fe9d7646-4c3a-4c01-a507-983ed5ec7bcb,23,BOOK-067814-237,good,borrowed,2025-07-10T11:14:28.561006+00:00,2025-07-10T11:14:28.561006+00:00,BOOK-067814-237/023/25,Imported from old system - Original BookID: 9758,9758
b7f9e782-989e-4817-abc6-c26259001582,e22c76fd-0cd5-4f72-b025-650fde773e9a,7,BOOK-392015-595,good,borrowed,2025-07-10T11:53:12.742745+00:00,2025-07-10T11:53:12.742745+00:00,BOOK-392015-595/007/25,Imported from old system - Original BookID: 11162,11162
8518ccaf-8021-4c15-8f5b-8852e87e4063,d098edef-0242-4c86-ab28-57fd0e45fbea,8,BOOK-405150-404,good,borrowed,2025-07-10T11:53:25.80496+00:00,2025-07-10T11:53:25.80496+00:00,BOOK-405150-404/008/25,Imported from old system - Original BookID: 8850,8850
3f5575b9-e046-4a1c-b8f9-f336915fdd1f,2c2e11c3-0d85-47a5-90db-f4cfa1bcb40d,6,BOOK-116721-597,good,borrowed,2025-07-10T11:15:17.372185+00:00,2025-07-10T11:15:17.372185+00:00,BOOK-116721-597/006/25,Imported from old system - Original BookID: 6192,6192
d67f6a24-c7dd-4258-96dc-5c8591fb9bfb,20acc1c0-9bcc-46c1-86ed-d7e5475e75da,5,BOOK-381518-538,good,borrowed,2025-07-10T11:53:02.196595+00:00,2025-07-10T11:53:02.196595+00:00,BOOK-381518-538/005/25,Imported from old system - Original BookID: 5580,5580
c2ad8e2a-8757-4176-8cd9-858f024faece,fc3287db-e021-41ba-90d5-4eae5ddb8a3c,2,BOOK-191527-968,good,borrowed,2025-07-10T11:16:32.178906+00:00,2025-07-10T11:16:32.178906+00:00,BOOK-191527-968/002/25,Imported from old system - Original BookID: 7360,7360
7cf9bc3f-f524-4b29-a7ed-25068f19db98,2760b887-83a5-4eb3-9cf0-53ca95106af1,8,BOOK-671297-144,good,borrowed,2025-07-10T11:24:32.037354+00:00,2025-07-10T11:24:32.037354+00:00,BOOK-671297-144/008/25,Imported from old system - Original BookID: 7421,7421
d3443053-853c-4d6f-85fa-b96a14944c6a,060fd567-e068-4667-9865-b4861900a0c9,15,BOOK-933003-280,good,borrowed,2025-07-10T11:12:13.697268+00:00,2025-07-10T11:12:13.697268+00:00,BOOK-933003-280/015/25,Imported from old system - Original BookID: 7393,7393
a0a7078d-efa6-42c1-9c45-0254cb5a8fe1,007bddc1-3ca4-49e6-89b3-762d0e82e50e,9,BOOK-609568-873,good,borrowed,2025-07-10T11:40:10.264071+00:00,2025-07-10T11:40:10.264071+00:00,BOOK-609568-873/009/25,Imported from old system - Original BookID: 9466,9466
0cca1cb5-4a78-4f0e-abd0-2cde93c938c7,69c76f58-4c43-4d23-9c8a-16832651b003,10,BOOK-786295-391,good,borrowed,2025-07-10T11:26:26.99326+00:00,2025-07-10T11:26:26.99326+00:00,BOOK-786295-391/010/25,Imported from old system - Original BookID: 9346,9346
5594595e-0f50-498a-a837-dffb6fb74315,aacc11b2-4305-4e06-97ef-9fc1406c2b53,7,BOOK-540118-236,good,borrowed,2025-07-10T11:22:20.852661+00:00,2025-07-10T11:22:20.852661+00:00,BOOK-540118-236/007/25,Imported from old system - Original BookID: 2530,2530
0c25885f-3571-4708-b146-83c358b81ec1,f60ab874-fbde-4b94-8272-60ccf0520cde,3,BOOK-348493-306,good,borrowed,2025-07-10T11:52:29.1724+00:00,2025-07-10T11:52:29.1724+00:00,BOOK-348493-306/003/25,Imported from old system - Original BookID: 8648,8648
0df29dcf-6782-4ed0-b640-7f4bcf1742e5,33879b4e-d872-4ee5-9bf3-53fc2c1119b8,8,BOOK-783614-12,good,borrowed,2025-07-10T11:26:24.343018+00:00,2025-07-10T11:26:24.343018+00:00,BOOK-783614-12/008/25,Imported from old system - Original BookID: 9335,9335
7d8439a8-bc40-4155-ad5c-fca214c4e9b8,cc52c889-debc-4486-b3aa-6d9d28a3e492,2,BOOK-593118-974,good,borrowed,2025-07-10T11:23:13.800176+00:00,2025-07-10T11:23:13.800176+00:00,BOOK-593118-974/002/25,Imported from old system - Original BookID: 13062,13062
6d5da74f-a9a1-443e-9adf-787db8bc0e7b,7bee3f2f-59d1-4e5b-91a6-259cab34e99c,7,BOOK-343746-461,good,borrowed,2025-07-10T11:52:24.420677+00:00,2025-07-10T11:52:24.420677+00:00,BOOK-343746-461/007/25,Imported from old system - Original BookID: 13374,13374
9d9c3ddc-55a3-4c51-b90c-9fb32a8e78d3,26fa1c35-68e9-4ac0-9fc8-3822788a6399,28,BOOK-482411-24,good,borrowed,2025-07-10T11:21:23.098881+00:00,2025-07-10T11:21:23.098881+00:00,BOOK-482411-24/028/25,Imported from old system - Original BookID: 8507,8507
f8cf995a-5c78-4107-8300-9a601c7e1856,048a5532-fae3-4087-9759-ccad643c985c,86,BOOK-656381-193,good,borrowed,2025-07-10T11:40:57.129952+00:00,2025-07-10T11:40:57.129952+00:00,BOOK-656381-193/086/25,Imported from old system - Original BookID: 10647,10647
9d24ce13-b85b-4bf7-ae42-798328497e98,271d1967-20e1-44c0-8b03-7a9cf88a3e05,98,BOOK-663158-896,good,borrowed,2025-07-10T11:41:03.869533+00:00,2025-07-10T11:41:03.869533+00:00,BOOK-663158-896/098/25,Imported from old system - Original BookID: 10663,10663
f6cbfef4-786e-4663-9d21-886ce1a49828,de09167f-7082-4971-88ee-6d697130818d,9,BOOK-270837-223,good,borrowed,2025-07-10T11:17:51.530981+00:00,2025-07-10T11:17:51.530981+00:00,BOOK-270837-223/009/25,Imported from old system - Original BookID: 9382,9382
381045a2-3347-45b0-8e91-f9212389c645,142f4c7f-ffa3-4c2a-9cf7-f96523555f8f,2,BOOK-413430-48,good,borrowed,2025-07-10T11:53:34.072099+00:00,2025-07-10T11:53:34.072099+00:00,BOOK-413430-48/002/25,Imported from old system - Original BookID: 5779,5779
5edfb957-2040-49d1-abe1-cdfd502e2a26,6fd7116a-c5fa-4acf-b0c8-f17e8bb9225b,1,BOOK-414464-228,good,borrowed,2025-07-10T11:53:35.131984+00:00,2025-07-10T11:53:35.131984+00:00,BOOK-414464-228/001/25,Imported from old system - Original BookID: 5787,5787
874f50e0-7242-42ba-9b8d-2188a4114084,092c1e81-020f-4c67-941f-63f2d147675e,1,BOOK-048397-400,good,borrowed,2025-07-10T11:14:09.095547+00:00,2025-07-10T11:14:09.095547+00:00,BOOK-048397-400/001/25,Imported from old system - Original BookID: 5797,5797
178ae3a6-d51a-41b6-89db-ae74d1464e9d,6fd7116a-c5fa-4acf-b0c8-f17e8bb9225b,9,BOOK-414464-228,good,borrowed,2025-07-10T11:53:35.131984+00:00,2025-07-10T11:53:35.131984+00:00,BOOK-414464-228/009/25,Imported from old system - Original BookID: 5795,5795
2d0659d5-4e60-412d-8881-cdfd178447a2,b921b59b-b4ad-4d28-a0b9-8285b2e5984b,3,BOOK-304798-341,good,borrowed,2025-07-10T11:35:05.459335+00:00,2025-07-10T11:35:05.459335+00:00,BOOK-304798-341/003/25,Imported from old system - Original BookID: 2942,2942
8f4e3399-6411-4dd3-a40a-fd1edb7f5bb9,1b8dcac2-26f6-48c3-8386-e8f4f0f2229a,2,BOOK-876017-109,good,borrowed,2025-07-10T11:11:16.702615+00:00,2025-07-10T11:11:16.702615+00:00,BOOK-876017-109/002/25,Imported from old system - Original BookID: 2947,2947
226c0d2d-313b-457e-89c3-c019508c0bc7,a64bda56-159d-4bf4-a736-ea08cef9dd77,17,BOOK-442204-395,good,borrowed,2025-07-10T11:20:42.912548+00:00,2025-07-10T11:20:42.912548+00:00,BOOK-442204-395/017/25,Imported from old system - Original BookID: 2699,2699
3e04a791-36f4-454c-ab83-d5179ca43c0f,241a22bb-7831-4923-8290-971080721d73,2,BOOK-034363-336,good,borrowed,2025-07-10T11:30:35.104754+00:00,2025-07-10T11:30:35.104754+00:00,BOOK-034363-336/002/25,Imported from old system - Original BookID: 2608,2608
c5a84556-ced2-450a-b413-6268a20286c2,ba78998f-f30e-45fa-8614-e13d58f122e3,15,BOOK-496007-803,good,borrowed,2025-07-10T11:38:16.693219+00:00,2025-07-10T11:38:16.693219+00:00,BOOK-496007-803/015/25,Imported from old system - Original BookID: 823,823
af6dade2-05a2-4150-b736-626485bea932,651d1de3-5181-415b-89e7-6d9ab6b67c09,3,BOOK-448538-333,good,borrowed,2025-07-10T11:20:49.243144+00:00,2025-07-10T11:20:49.243144+00:00,BOOK-448538-333/003/25,Imported from old system - Original BookID: 11372,11372
1517a03c-4454-434c-a04f-895c519de92d,2ca91f8e-2673-4dbb-a6f3-1a5730451b52,34,BOOK-596372-796,good,borrowed,2025-07-10T11:06:37.102968+00:00,2025-07-10T11:06:37.102968+00:00,BOOK-596372-796/034/25,Imported from old system - Original BookID: 997,997
c1b0b1a2-884e-4066-a287-7321b3531091,8e5c7ac2-83ad-46c2-a407-318d0137ee6b,34,BOOK-951275-483,good,borrowed,2025-07-10T11:12:31.973991+00:00,2025-07-10T11:12:31.973991+00:00,BOOK-951275-483/034/25,Imported from old system - Original BookID: 538,538
57f2c20b-e876-4711-9ee6-9fca11a60c39,b63d829e-a4ea-4919-b6f5-c8bc33e5fce3,18,BOOK-984945-639,good,borrowed,2025-07-10T11:46:25.626453+00:00,2025-07-10T11:46:25.626453+00:00,BOOK-984945-639/018/25,Imported from old system - Original BookID: 685,685
740c2ea6-36d6-4bff-9c68-59c8d6326961,fa26e636-4271-44f5-ac96-a630d192df78,36,BOOK-592052-48,good,borrowed,2025-07-10T11:06:32.775143+00:00,2025-07-10T11:06:32.775143+00:00,BOOK-592052-48/036/25,Imported from old system - Original BookID: 1049,1049
0264d50a-d676-423a-9c4a-54ed07ebcf41,839429c0-f830-4105-b4d1-843e4c14d21a,3,BOOK-601807-129,good,borrowed,2025-07-10T11:06:42.522466+00:00,2025-07-10T11:06:42.522466+00:00,BOOK-601807-129/003/25,Imported from old system - Original BookID: 8179,8179
450abd7e-32a8-469c-a12d-9b12513c24ac,a3034322-e8e3-49fc-823b-ce6bd6debb16,2,BOOK-138712-700,good,borrowed,2025-07-10T11:15:39.427187+00:00,2025-07-10T11:15:39.427187+00:00,BOOK-138712-700/002/25,Imported from old system - Original BookID: 10252,10252
51b56b3d-bf8b-410c-9ba1-1eced58adecd,245be989-7401-4d7b-97d5-5e40d2028636,12,BOOK-866590-681,good,borrowed,2025-07-10T11:44:27.323167+00:00,2025-07-10T11:44:27.323167+00:00,BOOK-866590-681/012/25,Imported from old system - Original BookID: 10111,10111
3bc9c0cb-85a8-4680-a8f9-e38b7bc5d343,24a47ea2-4b5a-4c07-8f8e-21ed74447e51,13,BOOK-603992-942,good,borrowed,2025-07-10T11:06:44.695177+00:00,2025-07-10T11:06:44.695177+00:00,BOOK-603992-942/013/25,Imported from old system - Original BookID: 907,907
551e4480-a02a-4a5a-b390-856b78e4f292,8d332470-c1f9-49dc-848f-55bc8a9164c1,22,BOOK-855984-256,good,borrowed,2025-07-10T11:44:16.646367+00:00,2025-07-10T11:44:16.646367+00:00,BOOK-855984-256/022/25,Imported from old system - Original BookID: 13141,13141
e19207e1-d6de-4884-b056-f283ee2abd5c,245be989-7401-4d7b-97d5-5e40d2028636,30,BOOK-866590-681,good,borrowed,2025-07-10T11:44:27.323167+00:00,2025-07-10T11:44:27.323167+00:00,BOOK-866590-681/030/25,Imported from old system - Original BookID: 13162,13162
f9dcaaa0-b899-4cf2-a9bd-6c11411cded4,6463b242-7ccc-4585-8822-ee5e61d1970a,10,BOOK-404795-728,good,borrowed,2025-07-10T11:36:45.5451+00:00,2025-07-10T11:36:45.5451+00:00,BOOK-404795-728/010/25,Imported from old system - Original BookID: 45,45
ba7eb5db-a5a1-4ffc-8dea-b428484566c1,58bb5900-0c47-489f-8f2b-b03d299340a5,13,BOOK-933067-925,good,borrowed,2025-07-10T11:28:53.835088+00:00,2025-07-10T11:28:53.835088+00:00,BOOK-933067-925/013/25,Imported from old system - Original BookID: 1558,1558
25c345ee-6e29-4baa-9f0c-638d4f82936a,1797c9ff-f577-454e-9d00-10cdae5885bc,8,BOOK-756267-729,good,borrowed,2025-07-10T11:09:16.940165+00:00,2025-07-10T11:09:16.940165+00:00,BOOK-756267-729/008/25,Imported from old system - Original BookID: 1487,1487
25c71425-531d-424f-bfee-a10718bb8021,3f0954db-c7a0-433d-aaf6-15198881afca,2,BOOK-707850-279,good,borrowed,2025-07-10T11:08:28.569409+00:00,2025-07-10T11:08:28.569409+00:00,BOOK-707850-279/002/25,Imported from old system - Original BookID: 12534,12534
0bbce071-c6e5-4dca-80f6-39464f923053,048a5532-fae3-4087-9759-ccad643c985c,1,BOOK-656381-193,good,borrowed,2025-07-10T11:40:57.129952+00:00,2025-07-10T11:40:57.129952+00:00,BOOK-656381-193/001/25,Imported from old system - Original BookID: 175,175
efd9a778-7126-44d7-b46d-63ffb753fbc0,ddd40fac-de1e-4215-a066-b926173b5479,79,BOOK-559679-896,good,borrowed,2025-07-10T11:39:20.448676+00:00,2025-07-10T11:39:20.448676+00:00,BOOK-559679-896/079/25,Imported from old system - Original BookID: 12519,12519
4f17e7c6-24cf-496a-b4a0-df8407110c51,a3034322-e8e3-49fc-823b-ce6bd6debb16,7,BOOK-138712-700,good,borrowed,2025-07-10T11:15:39.427187+00:00,2025-07-10T11:15:39.427187+00:00,BOOK-138712-700/007/25,Imported from old system - Original BookID: 10257,10257
40dee50d-4a77-432b-9a40-383b4631ce29,a09d585a-c1c9-425f-903c-b5f386c4bfa3,1,BOOK-806076-513,good,borrowed,2025-07-10T11:10:06.771821+00:00,2025-07-10T11:10:06.771821+00:00,BOOK-806076-513/001/25,Imported from old system - Original BookID: 10822,10822
ebcb6fa0-cbe1-4cad-80d0-0b05b0809c9f,602685a6-7ea5-4863-ba16-0861d4845aba,144,BOOK-549922-89,good,borrowed,2025-07-10T11:39:11.024434+00:00,2025-07-10T11:39:11.024434+00:00,BOOK-549922-89/144/25,Imported from old system - Original BookID: 11702,11702
86752920-47b1-4e9a-9b95-ebee4089ec91,75ad50ad-21de-4c5c-b96f-98ec030d15ef,3,BOOK-627426-667,good,borrowed,2025-07-10T11:40:28.062517+00:00,2025-07-10T11:40:28.062517+00:00,BOOK-627426-667/003/25,Imported from old system - Original BookID: 11022,11022
ebf0c56c-5c70-40bc-b8a1-3e04415b15d1,651d1de3-5181-415b-89e7-6d9ab6b67c09,1,BOOK-448538-333,good,borrowed,2025-07-10T11:20:49.243144+00:00,2025-07-10T11:20:49.243144+00:00,BOOK-448538-333/001/25,Imported from old system - Original BookID: 11370,11370
ea15a89d-ed52-47da-b936-2580d132c570,5186e9cd-f7cf-449b-83aa-9200e623b336,92,BOOK-650952-878,good,borrowed,2025-07-10T11:40:51.683848+00:00,2025-07-10T11:40:51.683848+00:00,BOOK-650952-878/092/25,Imported from old system - Original BookID: 10618,10618
22a21a63-7dfb-4b54-862e-d134049eda57,55c0060c-69a5-42e2-94e7-19b956b9f0a1,14,BOOK-609093-961,good,borrowed,2025-07-10T11:23:29.816211+00:00,2025-07-10T11:23:29.816211+00:00,BOOK-609093-961/014/25,Imported from old system - Original BookID: 10605,10605
39ef0bbe-4936-4b9f-8e0c-26124b7f9818,f5530edc-9fc6-47ee-aa39-cd55c33b70a1,18,BOOK-033295-169,good,borrowed,2025-07-10T11:30:33.996574+00:00,2025-07-10T11:30:33.996574+00:00,BOOK-033295-169/018/25,Imported from old system - Original BookID: 8081,8081
40a2f151-066c-48f8-ab2a-044eed97482b,7411a20a-abca-427a-ac03-6527086f1acf,9,BOOK-917570-734,good,borrowed,2025-07-10T11:11:58.319207+00:00,2025-07-10T11:11:58.319207+00:00,BOOK-917570-734/009/25,Imported from old system - Original BookID: 1204,1204
b03380ce-afad-4022-886b-d3b3b0196d03,dbd5ad5d-17a1-4fe7-9df9-8c0e3aa9a40e,10,BOOK-840087-867,good,borrowed,2025-07-10T11:27:20.811538+00:00,2025-07-10T11:27:20.811538+00:00,BOOK-840087-867/010/25,Imported from old system - Original BookID: 14061,14061
8e3d2c92-d21b-47d6-ad1e-2d73bdb947e7,f98ddde0-d568-4796-8002-a7b954b9bb8c,31,BOOK-327223-840,good,borrowed,2025-07-10T11:05:20.683596+00:00,2025-07-10T11:05:20.683596+00:00,BOOK-327223-840/031/25,Imported from old system - Original BookID: 5541,5541
7a11edbd-b9b7-4917-98f0-3a04382e9123,0ac5ce52-c3d2-43be-93c7-4f8a4508a074,3,BOOK-904726-678,good,borrowed,2025-07-10T11:28:25.412888+00:00,2025-07-10T11:28:25.412888+00:00,BOOK-904726-678/003/25,Imported from old system - Original BookID: 8573,8573
df1ede81-88df-43b2-87e7-2e6730a7ece1,42093ad7-cb02-4de3-beba-7c9b1ffa4e7b,2,BOOK-798436-622,good,borrowed,2025-07-10T11:09:59.118713+00:00,2025-07-10T11:09:59.118713+00:00,BOOK-798436-622/002/25,Imported from old system - Original BookID: 7049,7049
9e556470-4230-4932-9673-a3fe84b1e1ff,498acd4f-4ae6-416a-a546-fabff91e99eb,3,BOOK-799499-735,good,borrowed,2025-07-10T11:10:00.231179+00:00,2025-07-10T11:10:00.231179+00:00,BOOK-799499-735/003/25,Imported from old system - Original BookID: 7055,7055
502ceb27-5a73-414d-8bfc-20e73262aa6a,8ce59981-024e-4157-a4ed-3d0306706c80,1,BOOK-801724-151,good,borrowed,2025-07-10T11:10:02.41007+00:00,2025-07-10T11:10:02.41007+00:00,BOOK-801724-151/001/25,Imported from old system - Original BookID: 7058,7058
3c56fe78-0d54-4a30-9627-49c41e705edb,cc5319f4-57fb-44e9-99e1-0ea9ef22d4f6,9,BOOK-823569-837,good,borrowed,2025-07-10T11:10:24.273259+00:00,2025-07-10T11:10:24.273259+00:00,BOOK-823569-837/009/25,Imported from old system - Original BookID: 2297,2297
aa375e7c-5f44-49ca-a051-d4b1014cd576,2760b887-83a5-4eb3-9cf0-53ca95106af1,12,BOOK-671297-144,good,borrowed,2025-07-10T11:24:32.037354+00:00,2025-07-10T11:24:32.037354+00:00,BOOK-671297-144/012/25,Imported from old system - Original BookID: 7425,7425
3d3338ab-9395-4190-a078-c2ac7f452506,cc5319f4-57fb-44e9-99e1-0ea9ef22d4f6,6,BOOK-823569-837,good,borrowed,2025-07-10T11:10:24.273259+00:00,2025-07-10T11:10:24.273259+00:00,BOOK-823569-837/006/25,Imported from old system - Original BookID: 2294,2294
7fa4d1d3-16b3-4bf3-b024-c130483b2799,5ca43147-2277-4bb6-ab4a-a933b3a47a08,9,BOOK-821346-836,good,borrowed,2025-07-10T11:10:22.068507+00:00,2025-07-10T11:10:22.068507+00:00,BOOK-821346-836/009/25,Imported from old system - Original BookID: 2286,2286
aee1c37e-09f9-472f-b665-3e66c26048d8,d30ae7fc-9237-4402-b91c-1ab7dda986d9,8,BOOK-733089-364,good,borrowed,2025-07-10T11:42:13.766573+00:00,2025-07-10T11:42:13.766573+00:00,BOOK-733089-364/008/25,Imported from old system - Original BookID: 2128,2128
a869f48c-961a-44aa-9432-8885a3291edd,db315e37-39c5-4050-8fa9-0693c105f46c,18,BOOK-039952-389,good,borrowed,2025-07-10T11:30:40.706201+00:00,2025-07-10T11:30:40.706201+00:00,BOOK-039952-389/018/25,Imported from old system - Original BookID: 2660,2660
1ad5e30a-5a30-41f8-9773-64f82b4b22b5,f7b98d86-204f-4dad-b208-e191aa9d2faa,11,BOOK-042172-616,good,borrowed,2025-07-10T11:30:42.873923+00:00,2025-07-10T11:30:42.873923+00:00,BOOK-042172-616/011/25,Imported from old system - Original BookID: 2673,2673
ad18f4ca-1339-48b4-b016-71567f887c0e,e5b135b3-a9c0-42bb-ab8d-bea31aef5a6a,11,BOOK-895841-410,good,borrowed,2025-07-10T11:44:56.486638+00:00,2025-07-10T11:44:56.486638+00:00,BOOK-895841-410/011/25,Imported from old system - Original BookID: 1310,1310
06e2ba8d-fb70-479f-a0ac-b12989122930,26ce33b4-0e1b-433e-8da4-ed55bf939c34,31,BOOK-498171-863,good,borrowed,2025-07-10T11:38:18.850051+00:00,2025-07-10T11:38:18.850051+00:00,BOOK-498171-863/031/25,Imported from old system - Original BookID: 740,740
ff07308b-eaf0-4884-ace4-fdfaf3950d12,439c680a-ee22-424a-9066-758347de642d,5,BOOK-092333-92,good,borrowed,2025-07-10T11:48:13.003167+00:00,2025-07-10T11:48:13.003167+00:00,BOOK-092333-92/005/25,Imported from old system - Original BookID: 8887,8887
36ef809a-8c94-4561-a2d1-45fc80b358c9,a09d585a-c1c9-425f-903c-b5f386c4bfa3,7,BOOK-806076-513,good,borrowed,2025-07-10T11:10:06.771821+00:00,2025-07-10T11:10:06.771821+00:00,BOOK-806076-513/007/25,Imported from old system - Original BookID: 10828,10828
0d926873-d357-40fe-adfa-eba1bc284d45,53cc2c34-96c4-4ea0-84c9-5380e215cd9a,57,BOOK-073163-580,good,borrowed,2025-07-10T11:14:33.855203+00:00,2025-07-10T11:14:33.855203+00:00,BOOK-073163-580/057/25,Imported from old system - Original BookID: 13723,13723
7a6c0783-43d6-449c-b260-f443b61b30bd,91144110-9210-4154-adf3-6a2960d749cb,6,BOOK-787368-464,good,borrowed,2025-07-10T11:26:28.119959+00:00,2025-07-10T11:26:28.119959+00:00,BOOK-787368-464/006/25,Imported from old system - Original BookID: 3850,3850
952992e0-4894-480b-b464-caf87e45c518,d1e20c5a-7961-411c-8612-2d4249ba1216,7,BOOK-153776-885,good,borrowed,2025-07-10T11:32:34.494455+00:00,2025-07-10T11:32:34.494455+00:00,BOOK-153776-885/007/25,Imported from old system - Original BookID: 13073,13073
30852bda-d7b5-47f2-be83-24f4e2a23057,2587a164-bd9e-4d10-9be1-b663088ec12e,2,BOOK-909999-462,good,borrowed,2025-07-10T11:11:50.699372+00:00,2025-07-10T11:11:50.699372+00:00,BOOK-909999-462/002/25,Imported from old system - Original BookID: 4100,4100
fbaba496-9ec3-4958-ab54-510733a91479,9c0bd4e9-1f58-410d-9a76-7daabdfb4ad3,14,BOOK-332552-792,good,borrowed,2025-07-10T11:18:53.260372+00:00,2025-07-10T11:18:53.260372+00:00,BOOK-332552-792/014/25,Imported from old system - Original BookID: 9554,9554
1a7ba02f-b390-440f-a926-94af21aa2919,22c1ea03-ed48-4c13-ba9c-bec4c888f3c5,10,BOOK-596575-637,good,borrowed,2025-07-10T11:39:57.290992+00:00,2025-07-10T11:39:57.290992+00:00,BOOK-596575-637/010/25,Imported from old system - Original BookID: 9701,9701
21866cc9-5e9f-4d82-87e6-e8a8d0597054,27839c5d-2148-4744-9429-4fba967bf6f4,14,BOOK-598791-564,good,borrowed,2025-07-10T11:39:59.469379+00:00,2025-07-10T11:39:59.469379+00:00,BOOK-598791-564/014/25,Imported from old system - Original BookID: 9720,9720
1cff669a-6f86-479f-b2ba-4f59ca1e4351,7ce06c15-7d32-4cad-a953-70db00fe0792,21,BOOK-900979-111,good,borrowed,2025-07-10T11:11:41.727365+00:00,2025-07-10T11:11:41.727365+00:00,BOOK-900979-111/021/25,Imported from old system - Original BookID: 3294,3294
74b77956-2a38-40c2-92b9-a27055ce838e,9c0bd4e9-1f58-410d-9a76-7daabdfb4ad3,53,BOOK-332552-792,good,borrowed,2025-07-10T11:18:53.260372+00:00,2025-07-10T11:18:53.260372+00:00,BOOK-332552-792/053/25,Imported from old system - Original BookID: 11510,11510
0dc94a74-1da5-447b-bd8f-73d0a015507b,f882258d-b4c1-45ab-81e8-0b7b87c74356,43,BOOK-072076-243,good,borrowed,2025-07-10T11:14:32.7709+00:00,2025-07-10T11:14:32.7709+00:00,BOOK-072076-243/043/25,Imported from old system - Original BookID: 9878,9878
50294af9-c11f-4010-9879-67fe995d4ef3,377381fa-addc-4fef-9c58-9f54d22ba06f,19,BOOK-438986-628,good,borrowed,2025-07-10T11:20:39.66744+00:00,2025-07-10T11:20:39.66744+00:00,BOOK-438986-628/019/25,Imported from old system - Original BookID: 5287,5287
0c9c9e05-ed2e-41ea-a4ec-ca6d6c558207,a0b468af-477b-4185-82f8-179b995f0246,6,BOOK-239168-584,good,borrowed,2025-07-10T11:17:19.858953+00:00,2025-07-10T11:17:19.858953+00:00,BOOK-239168-584/006/25,Imported from old system - Original BookID: 10697,10697
683ad3cf-f52a-44dc-9eb4-8c23ee0483fe,16b3b1ec-e299-49d9-a2d6-06464f9d2ca1,25,BOOK-522802-725,good,borrowed,2025-07-10T11:38:43.551077+00:00,2025-07-10T11:38:43.551077+00:00,BOOK-522802-725/025/25,Imported from old system - Original BookID: 2986,2986
3185c8a1-6a85-4e66-8303-9620d1f9ed4a,d9ce1deb-0ee7-4a43-93d1-1bb85c1a41d6,25,BOOK-526787-765,good,borrowed,2025-07-10T11:38:47.553582+00:00,2025-07-10T11:38:47.553582+00:00,BOOK-526787-765/025/25,Imported from old system - Original BookID: 2996,2996
44ab8bad-c723-4be6-880b-70aad7d54fab,7cfce6d9-92b5-4d21-94bd-23e921e4a6b7,19,BOOK-698616-925,good,borrowed,2025-07-10T11:08:19.364033+00:00,2025-07-10T11:08:19.364033+00:00,BOOK-698616-925/019/25,Imported from old system - Original BookID: 14349,14349
d001c23c-0cfc-47d2-9874-2270e7010f8a,7cfce6d9-92b5-4d21-94bd-23e921e4a6b7,58,BOOK-698616-925,good,borrowed,2025-07-10T11:08:19.364033+00:00,2025-07-10T11:08:19.364033+00:00,BOOK-698616-925/058/25,Imported from old system - Original BookID: 14388,14388
79eea382-5f11-43ba-a84c-be38de14344c,7cfce6d9-92b5-4d21-94bd-23e921e4a6b7,18,BOOK-698616-925,good,borrowed,2025-07-10T11:08:19.364033+00:00,2025-07-10T11:08:19.364033+00:00,BOOK-698616-925/018/25,Imported from old system - Original BookID: 14348,14348
2ab118b0-b78b-4480-bca4-17f265c3bd88,6612f01e-16e1-40e6-8c5f-60289a32a5fc,1,BOOK-641612-326,good,borrowed,2025-07-10T11:07:22.280293+00:00,2025-07-10T11:07:22.280293+00:00,BOOK-641612-326/001/25,Imported from old system - Original BookID: 14128,14128
9d48e073-7399-4a65-8877-ca57935b81ca,0227b978-c972-4c85-b011-ee5d0818ee78,10,BOOK-775401-426,good,borrowed,2025-07-10T11:26:16.096354+00:00,2025-07-10T11:26:16.096354+00:00,BOOK-775401-426/010/25,Imported from old system - Original BookID: 9330,9330
8ab87a2d-65b2-480c-8973-d1a2be9ff50f,ef4707a2-9772-4d23-9f6d-54d001a8f459,12,BOOK-660988-960,good,borrowed,2025-07-10T11:41:01.663922+00:00,2025-07-10T11:41:01.663922+00:00,BOOK-660988-960/012/25,Imported from old system - Original BookID: 12327,12327
08294128-239e-4486-b6ef-149a6440b288,90914e78-404d-4af7-b517-407a2e0f9f03,9,BOOK-232367-688,good,borrowed,2025-07-10T11:50:33.104692+00:00,2025-07-10T11:50:33.104692+00:00,BOOK-232367-688/009/25,Imported from old system - Original BookID: 7099,7099
d82cc801-a197-4231-9ad6-0088356324f1,e29f7622-c658-4b09-88e5-f20b2bdfb377,84,BOOK-554638-681,good,borrowed,2025-07-10T11:39:15.362121+00:00,2025-07-10T11:39:15.362121+00:00,BOOK-554638-681/084/25,Imported from old system - Original BookID: 12508,12508
1cd9257b-6bac-4aaa-90c4-36d1fc76eac7,35f74560-2a2f-410d-b363-4425a37b5878,10,BOOK-128567-104,good,borrowed,2025-07-10T11:32:09.311079+00:00,2025-07-10T11:32:09.311079+00:00,BOOK-128567-104/010/25,Imported from old system - Original BookID: 10124,10124
da334bc1-6e38-4072-ac02-99af8c9d07ce,caf3e2af-c18d-413d-b07a-03f88d727697,17,BOOK-952403-714,good,borrowed,2025-07-10T11:12:33.125016+00:00,2025-07-10T11:12:33.125016+00:00,BOOK-952403-714/017/25,Imported from old system - Original BookID: 421,421
764a2fd7-0e09-4f98-ae78-65157e581b67,6a0c9e41-9179-4370-950e-f7967c427b6a,1,BOOK-208620-713,good,borrowed,2025-07-10T11:33:29.269607+00:00,2025-07-10T11:33:29.269607+00:00,BOOK-208620-713/001/25,Imported from old system - Original BookID: 2833,2833
70c11208-2c54-47f1-8255-c44789f877c2,3a7fd8dc-8889-4a20-866c-cf3df51a815b,12,BOOK-695496-466,good,borrowed,2025-07-10T11:24:56.175513+00:00,2025-07-10T11:24:56.175513+00:00,BOOK-695496-466/012/25,Imported from old system - Original BookID: 10322,10322
3185540c-b958-47fb-9832-ab43f820a449,7c692f3c-c225-4848-ad2b-4a4d17a96dff,1,BOOK-219115-457,good,borrowed,2025-07-10T11:50:19.799257+00:00,2025-07-10T11:50:19.799257+00:00,BOOK-219115-457/001/25,Imported from old system - Original BookID: 7764,7764
0ac4cc60-2fa2-4cff-9623-d468b08a335d,a09d585a-c1c9-425f-903c-b5f386c4bfa3,6,BOOK-806076-513,good,borrowed,2025-07-10T11:10:06.771821+00:00,2025-07-10T11:10:06.771821+00:00,BOOK-806076-513/006/25,Imported from old system - Original BookID: 10827,10827
fb66d1ea-bf61-4e6d-8e4f-dc87a58e4381,430e9cf8-d3e8-4b94-b52c-9cced2255f3b,13,BOOK-189460-581,good,borrowed,2025-07-10T11:16:30.109731+00:00,2025-07-10T11:16:30.109731+00:00,BOOK-189460-581/013/25,Imported from old system - Original BookID: 6211,6211
ad41359a-8ae2-484d-b77c-964a76977b0f,fa7e1f4e-e0cd-46fd-a81f-e762f7e461fa,10,BOOK-179801-647,good,borrowed,2025-07-10T11:49:40.447232+00:00,2025-07-10T11:49:40.447232+00:00,BOOK-179801-647/010/25,Imported from old system - Original BookID: 12778,12778
31963d1f-3be2-4e7b-ac1e-223e1eb6a601,301ac9d8-b77e-49d5-be00-1dabee75de02,2,BOOK-323155-756,good,borrowed,2025-07-10T11:35:23.890232+00:00,2025-07-10T11:35:23.890232+00:00,BOOK-323155-756/002/25,Imported from old system - Original BookID: 14227,14227
ec45f7bc-a833-4548-b277-508a8bd65922,d9443bd8-7564-4ed8-a97e-399084b30d5c,16,BOOK-437898-756,good,borrowed,2025-07-10T11:20:38.586728+00:00,2025-07-10T11:20:38.586728+00:00,BOOK-437898-756/016/25,Imported from old system - Original BookID: 5265,5265
b95e664d-d8fa-4b00-8861-1170409f915c,448dd8ff-197d-452d-a979-31bfcf539fcd,8,BOOK-700856-342,good,borrowed,2025-07-10T11:08:21.627728+00:00,2025-07-10T11:08:21.627728+00:00,BOOK-700856-342/008/25,Imported from old system - Original BookID: 14536,14536
9e3e668f-3620-433b-b76a-db32de7a602e,af33c3c1-7b62-4a57-9112-647ece730f4b,1,BOOK-352016-223,good,borrowed,2025-07-10T11:19:12.704355+00:00,2025-07-10T11:19:12.704355+00:00,BOOK-352016-223/001/25,Imported from old system - Original BookID: 14185,14185
e1414df2-741c-41b3-a05a-a6635f682fba,ddd40fac-de1e-4215-a066-b926173b5479,90,BOOK-559679-896,good,borrowed,2025-07-10T11:39:20.448676+00:00,2025-07-10T11:39:20.448676+00:00,BOOK-559679-896/090/25,Imported from old system - Original BookID: 14197,14197
99918e2a-c9fe-4ed6-9bd7-ba549018b0e2,3a338480-db08-4757-960e-221d56ed6183,5,BOOK-658185-221,good,borrowed,2025-07-10T11:24:18.913793+00:00,2025-07-10T11:24:18.913793+00:00,BOOK-658185-221/005/25,Imported from old system - Original BookID: 1181,1181
bba3041f-3fa1-4615-8a39-ebee0f31e458,91144110-9210-4154-adf3-6a2960d749cb,21,BOOK-787368-464,good,borrowed,2025-07-10T11:26:28.119959+00:00,2025-07-10T11:26:28.119959+00:00,BOOK-787368-464/021/25,Imported from old system - Original BookID: 3865,3865
15bc668b-f067-4486-af0e-e295964d50e7,8bfd4a8c-c87c-49a6-afc2-accac49c04ee,106,BOOK-327640-29,good,borrowed,2025-07-10T11:18:48.657391+00:00,2025-07-10T11:18:48.657391+00:00,BOOK-327640-29/106/25,Imported from old system - Original BookID: 11982,11982
f32c6ae7-ad06-499e-878f-19c853b195e4,f98ddde0-d568-4796-8002-a7b954b9bb8c,172,BOOK-327223-840,good,borrowed,2025-07-10T11:05:21.084418+00:00,2025-07-10T11:05:21.084418+00:00,BOOK-327223-840/172/25,Imported from old system - Original BookID: 11062,11062
ab7e7e5e-e18d-4302-a66d-c72a804c4a8f,71cfa0fe-fcb9-4dd4-827b-3ebfef54326f,6,BOOK-712908-509,good,borrowed,2025-07-10T11:25:13.627068+00:00,2025-07-10T11:25:13.627068+00:00,BOOK-712908-509/006/25,Imported from old system - Original BookID: 14271,14271
3c45346e-122f-4a90-9113-c670a26ccfa6,3bdb8a37-155a-4de9-98e7-b6f7fbe9a5fb,1,BOOK-959102-223,good,borrowed,2025-07-10T11:45:59.792432+00:00,2025-07-10T11:45:59.792432+00:00,BOOK-959102-223/001/25,Imported from old system - Original BookID: 14635,14635
7d7eef44-69d9-4173-8082-dc204fde2b38,5186e9cd-f7cf-449b-83aa-9200e623b336,140,BOOK-650952-878,good,borrowed,2025-07-10T11:40:52.030527+00:00,2025-07-10T11:40:52.030527+00:00,BOOK-650952-878/140/25,Imported from old system - Original BookID: 13868,13868
4c1b94b6-6135-4c8c-b988-00100d9181c5,2b8569ae-4acc-429e-83bf-5621ea7223c3,13,BOOK-795686-571,good,borrowed,2025-07-10T11:43:16.439564+00:00,2025-07-10T11:43:16.439564+00:00,BOOK-795686-571/013/25,Imported from old system - Original BookID: 13987,13987
1f0c9bea-19d5-4d88-b664-932d233fd286,380e8876-3d61-467e-85bb-ead3cc91e5e8,88,BOOK-562157-189,good,borrowed,2025-07-10T11:39:22.912135+00:00,2025-07-10T11:39:22.912135+00:00,BOOK-562157-189/088/25,Imported from old system - Original BookID: 13401,13401
01eec8c4-a900-42fe-8263-4e330edb0495,f2b57b52-e864-4772-ac7a-e995fd406322,11,BOOK-979632-809,good,borrowed,2025-07-10T11:46:20.309308+00:00,2025-07-10T11:46:20.309308+00:00,BOOK-979632-809/011/25,Imported from old system - Original BookID: 12593,12593
7c6c4a95-312a-4bea-a75e-c6e8cef35ca5,ddd40fac-de1e-4215-a066-b926173b5479,75,BOOK-559679-896,good,borrowed,2025-07-10T11:39:20.448676+00:00,2025-07-10T11:39:20.448676+00:00,BOOK-559679-896/075/25,Imported from old system - Original BookID: 11703,11703
a91a753e-a7af-4afe-886e-a5e085f700bb,117f3ded-b39e-4b54-a692-1d3cf583a551,11,BOOK-669243-542,good,borrowed,2025-07-10T11:41:09.937499+00:00,2025-07-10T11:41:09.937499+00:00,BOOK-669243-542/011/25,Imported from old system - Original BookID: 12346,12346
13dc4b72-63be-4abe-84a7-53ba6d513c34,7621d573-b421-4855-8adb-bb15db40e8a6,1,BOOK-683693-83,good,borrowed,2025-07-10T11:24:44.370669+00:00,2025-07-10T11:24:44.370669+00:00,BOOK-683693-83/001/25,Imported from old system - Original BookID: 13398,13398
5e5ab9f6-000c-4c3b-ad2f-20ddaf40e265,380e8876-3d61-467e-85bb-ead3cc91e5e8,38,BOOK-562157-189,good,borrowed,2025-07-10T11:39:22.912135+00:00,2025-07-10T11:39:22.912135+00:00,BOOK-562157-189/038/25,Imported from old system - Original BookID: 8467,8467
c0485d4d-b1ca-42f7-8c9b-8f0eec0c9bfb,446978f8-c6e5-4ba4-9357-589967bc3b0a,4,BOOK-169490-13,good,borrowed,2025-07-10T11:32:50.183446+00:00,2025-07-10T11:32:50.183446+00:00,BOOK-169490-13/004/25,Imported from old system - Original BookID: 8906,8906
0dec43e0-88f3-427f-a477-dadff62ff2df,e29f7622-c658-4b09-88e5-f20b2bdfb377,109,BOOK-554638-681,good,borrowed,2025-07-10T11:39:15.697954+00:00,2025-07-10T11:39:15.697954+00:00,BOOK-554638-681/109/25,Imported from old system - Original BookID: 13425,13425
fd63c570-b2e6-4e5d-ab49-998b5ef1056f,939a99a3-d434-488c-8106-7c39ee14802c,9,BOOK-730741-472,good,borrowed,2025-07-10T11:08:51.431597+00:00,2025-07-10T11:08:51.431597+00:00,BOOK-730741-472/009/25,Imported from old system - Original BookID: 12739,12739
0a853629-424d-4b60-b64b-587fc4495298,1ce90475-f1e0-421e-b65b-8dfdc8945ab8,7,BOOK-908248-851,good,borrowed,2025-07-10T11:45:08.90321+00:00,2025-07-10T11:45:08.90321+00:00,BOOK-908248-851/007/25,Imported from old system - Original BookID: 14216,14216
a1dfb5b6-1222-4e9d-9f39-0539d89d933a,de09167f-7082-4971-88ee-6d697130818d,12,BOOK-270837-223,good,borrowed,2025-07-10T11:17:51.530981+00:00,2025-07-10T11:17:51.530981+00:00,BOOK-270837-223/012/25,Imported from old system - Original BookID: 9385,9385
4ce880f3-4c71-410d-b6cf-95e606039366,32b78f4e-f299-4daf-a6b1-28c7a452ce35,3,BOOK-119928-764,good,borrowed,2025-07-10T11:15:20.588665+00:00,2025-07-10T11:15:20.588665+00:00,BOOK-119928-764/003/25,Imported from old system - Original BookID: 9420,9420
50673b8c-def9-4bfa-aa0b-66d8e9eebe56,8b008a20-f376-4065-9aaa-a5226d778d72,9,BOOK-014109-870,good,borrowed,2025-07-10T11:46:54.76409+00:00,2025-07-10T11:46:54.76409+00:00,BOOK-014109-870/009/25,Imported from old system - Original BookID: 11203,11203
f560b764-c5ca-465c-b08b-7501eaaa03d5,12cfb49d-0e04-4197-94d1-f4e5a7367796,5,BOOK-115607-749,good,borrowed,2025-07-10T11:15:16.313422+00:00,2025-07-10T11:15:16.313422+00:00,BOOK-115607-749/005/25,Imported from old system - Original BookID: 9351,9351
748f4d5d-ccf0-48cc-9eb0-0fe06d6af24e,03127a63-821f-4d9b-aead-f82b4f26d160,10,BOOK-333676-897,good,borrowed,2025-07-10T11:18:54.455694+00:00,2025-07-10T11:18:54.455694+00:00,BOOK-333676-897/010/25,Imported from old system - Original BookID: 12879,12879
7760a732-94a6-469e-bd13-8a8dc14d1dc0,ac10183c-5f47-4ac6-8e58-42610e28fe52,9,BOOK-386753-98,good,borrowed,2025-07-10T11:53:07.431519+00:00,2025-07-10T11:53:07.431519+00:00,BOOK-386753-98/009/25,Imported from old system - Original BookID: 9370,9370
ac896c87-c8b3-4f2b-86d4-614029f71917,d1e20c5a-7961-411c-8612-2d4249ba1216,21,BOOK-153776-885,good,borrowed,2025-07-10T11:32:34.494455+00:00,2025-07-10T11:32:34.494455+00:00,BOOK-153776-885/021/25,Imported from old system - Original BookID: 13087,13087
03548528-b2f1-4bf8-8f72-9051e591a6ae,f882258d-b4c1-45ab-81e8-0b7b87c74356,66,BOOK-072076-243,good,borrowed,2025-07-10T11:14:32.7709+00:00,2025-07-10T11:14:32.7709+00:00,BOOK-072076-243/066/25,Imported from old system - Original BookID: 13719,13719
c090d82f-106a-42f0-8ee7-ab6097cfa43b,f882258d-b4c1-45ab-81e8-0b7b87c74356,65,BOOK-072076-243,good,borrowed,2025-07-10T11:14:32.7709+00:00,2025-07-10T11:14:32.7709+00:00,BOOK-072076-243/065/25,Imported from old system - Original BookID: 13718,13718
37e2e38c-9af8-4bf6-a5d1-e9c07ed11db5,f882258d-b4c1-45ab-81e8-0b7b87c74356,14,BOOK-072076-243,good,borrowed,2025-07-10T11:14:32.7709+00:00,2025-07-10T11:14:32.7709+00:00,BOOK-072076-243/014/25,Imported from old system - Original BookID: 8047,8047
a765b7cb-e012-4d87-a028-e9ec62f286ed,69e213c8-9383-453a-a4bb-e3d36fbdb14a,123,BOOK-331430-329,good,borrowed,2025-07-10T11:05:24.625665+00:00,2025-07-10T11:05:24.625665+00:00,BOOK-331430-329/123/25,Imported from old system - Original BookID: 12193,12193
b83cfff8-e990-4577-b7fc-7d0c79cfdaca,69e213c8-9383-453a-a4bb-e3d36fbdb14a,90,BOOK-331430-329,good,borrowed,2025-07-10T11:05:24.305196+00:00,2025-07-10T11:05:24.305196+00:00,BOOK-331430-329/090/25,Imported from old system - Original BookID: 12160,12160
e4469b1e-73d0-4457-bea1-eafa0d32f55a,d1e20c5a-7961-411c-8612-2d4249ba1216,10,BOOK-153776-885,good,borrowed,2025-07-10T11:32:34.494455+00:00,2025-07-10T11:32:34.494455+00:00,BOOK-153776-885/010/25,Imported from old system - Original BookID: 13076,13076
f1c5f3fc-a575-4831-8e4d-71928152725d,5f5f6699-2ede-44c0-a83a-259a3893c116,2,BOOK-819077-71,good,borrowed,2025-07-10T11:43:39.725164+00:00,2025-07-10T11:43:39.725164+00:00,BOOK-819077-71/002/25,Imported from old system - Original BookID: 10964,10964
c79a0bd2-fa79-4a2d-8d5d-e840248ec59b,0b11466d-c385-4834-94d2-acba5c0446de,2,BOOK-390918-121,good,borrowed,2025-07-10T11:19:51.625057+00:00,2025-07-10T11:19:51.625057+00:00,BOOK-390918-121/002/25,Imported from old system - Original BookID: 14025,14025
4dec6448-c83a-4d3a-a2ea-21970e6c3f4b,d1e20c5a-7961-411c-8612-2d4249ba1216,31,BOOK-153776-885,good,borrowed,2025-07-10T11:32:34.494455+00:00,2025-07-10T11:32:34.494455+00:00,BOOK-153776-885/031/25,Imported from old system - Original BookID: 13097,13097
70f8a4cf-bc4c-47a5-b4ae-391afad1dff1,6455ae77-6370-469a-8675-5099484de642,15,BOOK-879231-320,good,borrowed,2025-07-10T11:11:19.884188+00:00,2025-07-10T11:11:19.884188+00:00,BOOK-879231-320/015/25,Imported from old system - Original BookID: 11257,11257
2e4d23bf-f6c2-49a3-91db-f9f183841fb4,6920fc94-c82b-445d-9cf6-76e95dad1e65,7,BOOK-020469-881,good,borrowed,2025-07-10T11:47:01.175397+00:00,2025-07-10T11:47:01.175397+00:00,BOOK-020469-881/007/25,Imported from old system - Original BookID: 8838,8838
355c78fa-f5bb-4b5b-bbb0-c91f2d3c0655,42a06543-0e85-4541-be72-12d318a511b6,252,BOOK-698267-719,good,borrowed,2025-07-10T11:41:39.644951+00:00,2025-07-10T11:41:39.644951+00:00,BOOK-698267-719/252/25,Imported from old system - Original BookID: 18608,18608
29f0bda4-2a98-4f1c-9407-c783beb216a7,cab8162d-217a-4935-ba96-aac2976f1ff5,27,BOOK-707780-561,good,borrowed,2025-07-10T11:41:48.532762+00:00,2025-07-10T11:41:48.532762+00:00,BOOK-707780-561/027/25,Imported from old system - Original BookID: 17968,17968
d8b9164b-514f-42c1-a021-b63f70a37126,3aa18cf0-8dd6-404e-b606-8eacd9fb92cf,4,BOOK-537978-766,good,borrowed,2025-07-10T11:38:58.714145+00:00,2025-07-10T11:38:58.714145+00:00,BOOK-537978-766/004/25,Imported from old system - Original BookID: 1403,1403
36ed9e42-9925-4c3c-bc4b-9e091041b90e,c025b9e1-8f93-4027-80db-6ad7c62f17cf,141,BOOK-857005-334,good,borrowed,2025-07-10T11:44:18.050634+00:00,2025-07-10T11:44:18.050634+00:00,BOOK-857005-334/141/25,Imported from old system - Original BookID: 13611,13611
5b2157ff-96c9-4e33-bff2-9b04e78ac475,c025b9e1-8f93-4027-80db-6ad7c62f17cf,71,BOOK-857005-334,good,borrowed,2025-07-10T11:44:17.753573+00:00,2025-07-10T11:44:17.753573+00:00,BOOK-857005-334/071/25,Imported from old system - Original BookID: 12213,12213
c7b11a29-652f-428c-a74d-79ffcc95d460,c025b9e1-8f93-4027-80db-6ad7c62f17cf,121,BOOK-857005-334,good,borrowed,2025-07-10T11:44:18.050634+00:00,2025-07-10T11:44:18.050634+00:00,BOOK-857005-334/121/25,Imported from old system - Original BookID: 13591,13591
97463c5a-68c3-4bb3-b9a0-ab8bd2a76ecf,c025b9e1-8f93-4027-80db-6ad7c62f17cf,142,BOOK-857005-334,good,borrowed,2025-07-10T11:44:18.050634+00:00,2025-07-10T11:44:18.050634+00:00,BOOK-857005-334/142/25,Imported from old system - Original BookID: 13612,13612
f68081ad-99db-447d-bbe7-09c2599a4c29,c025b9e1-8f93-4027-80db-6ad7c62f17cf,93,BOOK-857005-334,good,borrowed,2025-07-10T11:44:17.753573+00:00,2025-07-10T11:44:17.753573+00:00,BOOK-857005-334/093/25,Imported from old system - Original BookID: 12235,12235
b8fcbd26-86b8-41c0-9614-171e46aeaa2a,c025b9e1-8f93-4027-80db-6ad7c62f17cf,125,BOOK-857005-334,good,borrowed,2025-07-10T11:44:18.050634+00:00,2025-07-10T11:44:18.050634+00:00,BOOK-857005-334/125/25,Imported from old system - Original BookID: 13595,13595
f1bd0d05-e9f2-4ccb-9b13-c0b0b1c98fdb,c025b9e1-8f93-4027-80db-6ad7c62f17cf,81,BOOK-857005-334,good,borrowed,2025-07-10T11:44:17.753573+00:00,2025-07-10T11:44:17.753573+00:00,BOOK-857005-334/081/25,Imported from old system - Original BookID: 12223,12223
931c9b46-f2bd-47d7-9581-70a2709df39a,c025b9e1-8f93-4027-80db-6ad7c62f17cf,120,BOOK-857005-334,good,borrowed,2025-07-10T11:44:18.050634+00:00,2025-07-10T11:44:18.050634+00:00,BOOK-857005-334/120/25,Imported from old system - Original BookID: 13590,13590
ab95a3c5-e8cb-49df-85c2-872608dcd30b,c025b9e1-8f93-4027-80db-6ad7c62f17cf,113,BOOK-857005-334,good,borrowed,2025-07-10T11:44:18.050634+00:00,2025-07-10T11:44:18.050634+00:00,BOOK-857005-334/113/25,Imported from old system - Original BookID: 13583,13583
f376d0ff-1a56-466d-8fd0-f1eec56190e1,c025b9e1-8f93-4027-80db-6ad7c62f17cf,132,BOOK-857005-334,good,borrowed,2025-07-10T11:44:18.050634+00:00,2025-07-10T11:44:18.050634+00:00,BOOK-857005-334/132/25,Imported from old system - Original BookID: 13602,13602
b7b42302-428d-4927-b07c-50327edee749,15221955-19c4-459e-a767-ca51bed99828,59,BOOK-069355-512,good,borrowed,2025-07-10T11:14:30.132823+00:00,2025-07-10T11:14:30.132823+00:00,BOOK-069355-512/059/25,Imported from old system - Original BookID: 9844,9844
8145c91f-adcc-4e13-825e-1286dbae93bc,15221955-19c4-459e-a767-ca51bed99828,68,BOOK-069355-512,good,borrowed,2025-07-10T11:14:30.132823+00:00,2025-07-10T11:14:30.132823+00:00,BOOK-069355-512/068/25,Imported from old system - Original BookID: 13679,13679
4f5b7651-6b24-4178-b0df-3fe97201fd43,e8e07c9f-5e08-4486-a0bd-e1769321aeee,187,BOOK-770725-679,good,borrowed,2025-07-10T11:26:11.850418+00:00,2025-07-10T11:26:11.850418+00:00,BOOK-770725-679/187/25,Imported from old system - Original BookID: 11607,11607
d1a0221d-bce6-46fd-8796-e6ce57cffa78,15221955-19c4-459e-a767-ca51bed99828,85,BOOK-069355-512,good,borrowed,2025-07-10T11:14:30.132823+00:00,2025-07-10T11:14:30.132823+00:00,BOOK-069355-512/085/25,Imported from old system - Original BookID: 13696,13696
646e4848-15ba-413a-97fe-4f4ef551f315,f882258d-b4c1-45ab-81e8-0b7b87c74356,7,BOOK-072076-243,good,borrowed,2025-07-10T11:14:32.7709+00:00,2025-07-10T11:14:32.7709+00:00,BOOK-072076-243/007/25,Imported from old system - Original BookID: 8040,8040
60f9deef-c45f-453e-b249-e88dcf232fef,f882258d-b4c1-45ab-81e8-0b7b87c74356,26,BOOK-072076-243,good,borrowed,2025-07-10T11:14:32.7709+00:00,2025-07-10T11:14:32.7709+00:00,BOOK-072076-243/026/25,Imported from old system - Original BookID: 9861,9861
fcc98bb7-ac17-488a-b15f-a8d2300caeae,f882258d-b4c1-45ab-81e8-0b7b87c74356,62,BOOK-072076-243,good,borrowed,2025-07-10T11:14:32.7709+00:00,2025-07-10T11:14:32.7709+00:00,BOOK-072076-243/062/25,Imported from old system - Original BookID: 9898,9898
89de10d6-b56e-4cf9-940f-bc63565bcd07,f882258d-b4c1-45ab-81e8-0b7b87c74356,37,BOOK-072076-243,good,borrowed,2025-07-10T11:14:32.7709+00:00,2025-07-10T11:14:32.7709+00:00,BOOK-072076-243/037/25,Imported from old system - Original BookID: 9872,9872
f85076c8-6d86-43d3-8fbc-5c81203190bd,f882258d-b4c1-45ab-81e8-0b7b87c74356,55,BOOK-072076-243,good,borrowed,2025-07-10T11:14:32.7709+00:00,2025-07-10T11:14:32.7709+00:00,BOOK-072076-243/055/25,Imported from old system - Original BookID: 9890,9890
ea8187b9-4d3b-4576-a06f-f61579729ab5,f882258d-b4c1-45ab-81e8-0b7b87c74356,57,BOOK-072076-243,good,borrowed,2025-07-10T11:14:32.7709+00:00,2025-07-10T11:14:32.7709+00:00,BOOK-072076-243/057/25,Imported from old system - Original BookID: 9893,9893
f4177781-0ec9-47d6-b4d6-326045f8d5ef,f882258d-b4c1-45ab-81e8-0b7b87c74356,4,BOOK-072076-243,good,borrowed,2025-07-10T11:14:32.7709+00:00,2025-07-10T11:14:32.7709+00:00,BOOK-072076-243/004/25,Imported from old system - Original BookID: 7598,7598
39d76e2d-1d71-4356-83e3-3a3f250b4033,847f05c2-68d8-4e63-a1d8-57d1d9a45949,4,BOOK-053743-334,good,borrowed,2025-07-10T11:14:14.4182+00:00,2025-07-10T11:14:14.4182+00:00,BOOK-053743-334/004/25,Imported from old system - Original BookID: 5344,5344
03c69882-c730-4378-ad76-cc0b12faef07,f882258d-b4c1-45ab-81e8-0b7b87c74356,20,BOOK-072076-243,good,borrowed,2025-07-10T11:14:32.7709+00:00,2025-07-10T11:14:32.7709+00:00,BOOK-072076-243/020/25,Imported from old system - Original BookID: 9855,9855
077927b3-1364-40fd-97b7-23a9b51ea182,439e4621-f76e-4308-bce4-ab1baecb2df5,274,BOOK-776515-518,good,borrowed,2025-07-10T11:26:18.301795+00:00,2025-07-10T11:26:18.301795+00:00,BOOK-776515-518/274/25,Imported from old system - Original BookID: 13233,13233
46540702-a364-4d91-9b7a-f65a858ed206,439e4621-f76e-4308-bce4-ab1baecb2df5,206,BOOK-776515-518,good,borrowed,2025-07-10T11:26:18.301795+00:00,2025-07-10T11:26:18.301795+00:00,BOOK-776515-518/206/25,Imported from old system - Original BookID: 12435,12435
03850e1a-153b-4b46-bb1f-099a10622bdb,439e4621-f76e-4308-bce4-ab1baecb2df5,158,BOOK-776515-518,good,borrowed,2025-07-10T11:26:17.95235+00:00,2025-07-10T11:26:17.95235+00:00,BOOK-776515-518/158/25,Imported from old system - Original BookID: 11325,11325
cf2f8159-fd3b-47ba-9625-d6b3852e7615,439e4621-f76e-4308-bce4-ab1baecb2df5,171,BOOK-776515-518,good,borrowed,2025-07-10T11:26:17.95235+00:00,2025-07-10T11:26:17.95235+00:00,BOOK-776515-518/171/25,Imported from old system - Original BookID: 11621,11621
ab3a37e3-2bf4-43d3-8592-69c2b8ed8e09,439e4621-f76e-4308-bce4-ab1baecb2df5,182,BOOK-776515-518,good,borrowed,2025-07-10T11:26:17.95235+00:00,2025-07-10T11:26:17.95235+00:00,BOOK-776515-518/182/25,Imported from old system - Original BookID: 11632,11632
0604820c-fde4-4ab8-96d2-1e69eda09681,439e4621-f76e-4308-bce4-ab1baecb2df5,277,BOOK-776515-518,good,borrowed,2025-07-10T11:26:18.301795+00:00,2025-07-10T11:26:18.301795+00:00,BOOK-776515-518/277/25,Imported from old system - Original BookID: 13480,13480
3b28c6db-9647-4b2a-9b79-18386acac1e0,f882258d-b4c1-45ab-81e8-0b7b87c74356,46,BOOK-072076-243,good,borrowed,2025-07-10T11:14:32.7709+00:00,2025-07-10T11:14:32.7709+00:00,BOOK-072076-243/046/25,Imported from old system - Original BookID: 9881,9881
ea32ff60-1e3d-46b8-8a85-8376bd0f37b4,439e4621-f76e-4308-bce4-ab1baecb2df5,214,BOOK-776515-518,good,borrowed,2025-07-10T11:26:18.301795+00:00,2025-07-10T11:26:18.301795+00:00,BOOK-776515-518/214/25,Imported from old system - Original BookID: 12443,12443
7462827c-87b9-4795-be01-8858b97550a0,f882258d-b4c1-45ab-81e8-0b7b87c74356,56,BOOK-072076-243,good,borrowed,2025-07-10T11:14:32.7709+00:00,2025-07-10T11:14:32.7709+00:00,BOOK-072076-243/056/25,Imported from old system - Original BookID: 9892,9892
13fbc3ca-bfeb-487e-8963-c59634cf0107,f882258d-b4c1-45ab-81e8-0b7b87c74356,30,BOOK-072076-243,good,borrowed,2025-07-10T11:14:32.7709+00:00,2025-07-10T11:14:32.7709+00:00,BOOK-072076-243/030/25,Imported from old system - Original BookID: 9865,9865
54cbe4ad-4f14-400b-8b26-26a8e03a28d4,f882258d-b4c1-45ab-81e8-0b7b87c74356,27,BOOK-072076-243,good,borrowed,2025-07-10T11:14:32.7709+00:00,2025-07-10T11:14:32.7709+00:00,BOOK-072076-243/027/25,Imported from old system - Original BookID: 9862,9862
82644d0c-e2d3-40b5-8f8a-3611d7ffb038,439e4621-f76e-4308-bce4-ab1baecb2df5,187,BOOK-776515-518,good,borrowed,2025-07-10T11:26:17.95235+00:00,2025-07-10T11:26:17.95235+00:00,BOOK-776515-518/187/25,Imported from old system - Original BookID: 12416,12416
febd621f-970f-4c84-aa60-55871e2514bd,f882258d-b4c1-45ab-81e8-0b7b87c74356,28,BOOK-072076-243,good,borrowed,2025-07-10T11:14:32.7709+00:00,2025-07-10T11:14:32.7709+00:00,BOOK-072076-243/028/25,Imported from old system - Original BookID: 9863,9863
f1155aab-cb6c-49ca-b93a-97ca49158444,9d109f28-51a8-4a30-95a9-33e511a2ff20,2,BOOK-749905-797,good,borrowed,2025-07-10T11:25:50.621803+00:00,2025-07-10T11:25:50.621803+00:00,BOOK-749905-797/002/25,Imported from old system - Original BookID: 13118,13118
19934fdf-4d0a-4713-9f34-ec70b8f80342,f882258d-b4c1-45ab-81e8-0b7b87c74356,25,BOOK-072076-243,good,borrowed,2025-07-10T11:14:32.7709+00:00,2025-07-10T11:14:32.7709+00:00,BOOK-072076-243/025/25,Imported from old system - Original BookID: 9860,9860
1a38dcbf-2bf5-4abf-b280-27af97838b10,9d109f28-51a8-4a30-95a9-33e511a2ff20,6,BOOK-749905-797,good,borrowed,2025-07-10T11:25:50.621803+00:00,2025-07-10T11:25:50.621803+00:00,BOOK-749905-797/006/25,Imported from old system - Original BookID: 13122,13122
e15fadef-8b42-4ec6-987a-38cacfec2d07,f882258d-b4c1-45ab-81e8-0b7b87c74356,11,BOOK-072076-243,good,borrowed,2025-07-10T11:14:32.7709+00:00,2025-07-10T11:14:32.7709+00:00,BOOK-072076-243/011/25,Imported from old system - Original BookID: 8044,8044
6352edc0-331c-4581-9041-1bcb13f2685f,847f05c2-68d8-4e63-a1d8-57d1d9a45949,14,BOOK-053743-334,good,borrowed,2025-07-10T11:14:14.4182+00:00,2025-07-10T11:14:14.4182+00:00,BOOK-053743-334/014/25,Imported from old system - Original BookID: 5354,5354
4d5e23c1-9e4e-48dd-a9ba-63d3428618fc,5b44880f-6832-450b-9f9e-093f018842be,17,BOOK-718325-874,good,borrowed,2025-07-10T11:25:19.034345+00:00,2025-07-10T11:25:19.034345+00:00,BOOK-718325-874/017/25,Imported from old system - Original BookID: 14327,14327
e11174f2-f916-48eb-804c-b789f7e0d954,fad7a29a-764b-45eb-ba7f-5db91bc4a647,8,BOOK-779364-583,good,borrowed,2025-07-10T11:43:00.076183+00:00,2025-07-10T11:43:00.076183+00:00,BOOK-779364-583/008/25,Imported from old system - Original BookID: 17941,17941
ff143aa5-31e8-4f9d-a09b-882310e611d3,3ba84163-24e5-46f8-a40d-2f55fc4977cc,382,BOOK-776836-863,good,borrowed,2025-07-10T11:42:58.631945+00:00,2025-07-10T11:42:58.631945+00:00,BOOK-776836-863/382/25,Imported from old system - Original BookID: 17874,17874
4ed87c18-943c-4cfd-8307-1eb3b88e5336,3ba84163-24e5-46f8-a40d-2f55fc4977cc,376,BOOK-776836-863,good,borrowed,2025-07-10T11:42:58.631945+00:00,2025-07-10T11:42:58.631945+00:00,BOOK-776836-863/376/25,Imported from old system - Original BookID: 17868,17868
79c9f141-27d5-4030-b92f-9724cedef6eb,fad7a29a-764b-45eb-ba7f-5db91bc4a647,3,BOOK-779364-583,good,borrowed,2025-07-10T11:43:00.076183+00:00,2025-07-10T11:43:00.076183+00:00,BOOK-779364-583/003/25,Imported from old system - Original BookID: 17936,17936
622d5b4b-f46f-4633-99e5-b74059f21a30,3ba84163-24e5-46f8-a40d-2f55fc4977cc,147,BOOK-776836-863,good,borrowed,2025-07-10T11:42:57.905692+00:00,2025-07-10T11:42:57.905692+00:00,BOOK-776836-863/147/25,Imported from old system - Original BookID: 17638,17638
b39f443c-e565-4788-b132-2d644385b6af,5b44880f-6832-450b-9f9e-093f018842be,12,BOOK-718325-874,good,borrowed,2025-07-10T11:25:19.034345+00:00,2025-07-10T11:25:19.034345+00:00,BOOK-718325-874/012/25,Imported from old system - Original BookID: 14322,14322
a503eb8c-d298-49d6-80b1-528c9f995bdd,52efc949-4cb5-4900-8860-4f3315075e58,1,BOOK-131876-155,good,borrowed,2025-07-10T11:32:12.5665+00:00,2025-07-10T11:32:12.5665+00:00,BOOK-131876-155/001/25,Imported from old system - Original BookID: 10135,10135
a1ff2f1f-1b87-42bc-b2d5-ae9b3c6af59d,bddf506b-a99b-40f5-a45c-697cf25efbcb,323,BOOK-916372-224,good,borrowed,2025-07-10T11:45:18.134303+00:00,2025-07-10T11:45:18.134303+00:00,BOOK-916372-224/323/25,Imported from old system - Original BookID: 15951,15951
8ad08401-243c-4082-9b47-4bb9a44592ef,5c000f26-1444-4a9c-b675-e4ee8133c3f2,94,BOOK-775015-133,good,borrowed,2025-07-10T11:42:55.742612+00:00,2025-07-10T11:42:55.742612+00:00,BOOK-775015-133/094/25,Imported from old system - Original BookID: 15240,15240
c6510199-2577-4096-a29c-ea134b01b226,5c000f26-1444-4a9c-b675-e4ee8133c3f2,95,BOOK-775015-133,good,borrowed,2025-07-10T11:42:55.742612+00:00,2025-07-10T11:42:55.742612+00:00,BOOK-775015-133/095/25,Imported from old system - Original BookID: 15241,15241
8e636359-65df-4fcb-b0c7-8d7fe3a4e01f,42a06543-0e85-4541-be72-12d318a511b6,218,BOOK-698267-719,good,borrowed,2025-07-10T11:41:39.644951+00:00,2025-07-10T11:41:39.644951+00:00,BOOK-698267-719/218/25,Imported from old system - Original BookID: 15114,15114
a896623d-7e7d-4dd2-8848-ae5452c05e2a,fadcce8f-a0ea-4a4c-9cee-a39b523d8060,90,BOOK-580726-548,good,borrowed,2025-07-10T11:39:41.502317+00:00,2025-07-10T11:39:41.502317+00:00,BOOK-580726-548/090/25,Imported from old system - Original BookID: 14736,14736
a24a33d6-49d1-427b-a740-a339d7a7f158,fadcce8f-a0ea-4a4c-9cee-a39b523d8060,50,BOOK-580726-548,good,borrowed,2025-07-10T11:39:41.502317+00:00,2025-07-10T11:39:41.502317+00:00,BOOK-580726-548/050/25,Imported from old system - Original BookID: 14696,14696
454bc2e8-3895-49c3-89de-00721c4e3179,5c000f26-1444-4a9c-b675-e4ee8133c3f2,56,BOOK-775015-133,good,borrowed,2025-07-10T11:42:55.742612+00:00,2025-07-10T11:42:55.742612+00:00,BOOK-775015-133/056/25,Imported from old system - Original BookID: 15202,15202
3812f9b2-8f88-4b54-93ee-ddf136baf28f,fadcce8f-a0ea-4a4c-9cee-a39b523d8060,17,BOOK-580726-548,good,borrowed,2025-07-10T11:39:41.502317+00:00,2025-07-10T11:39:41.502317+00:00,BOOK-580726-548/017/25,Imported from old system - Original BookID: 14663,14663
fced0c1e-f353-46e0-9ef7-b61f599a6846,42a06543-0e85-4541-be72-12d318a511b6,3,BOOK-698267-719,good,borrowed,2025-07-10T11:41:38.994308+00:00,2025-07-10T11:41:38.994308+00:00,BOOK-698267-719/003/25,Imported from old system - Original BookID: 14899,14899
79caa83c-a840-4bac-a4e4-b36ebf910b94,5c000f26-1444-4a9c-b675-e4ee8133c3f2,57,BOOK-775015-133,good,borrowed,2025-07-10T11:42:55.742612+00:00,2025-07-10T11:42:55.742612+00:00,BOOK-775015-133/057/25,Imported from old system - Original BookID: 15203,15203
7f816b83-e595-412a-b76c-ad08f4149b88,e93e331a-73f5-4144-bff0-d2f824184466,475,BOOK-360203-904,good,borrowed,2025-07-10T11:52:42.296114+00:00,2025-07-10T11:52:42.296114+00:00,BOOK-360203-904/475/25,Imported from old system - Original BookID: 16542,16542
99a703ef-fcdb-4503-8eda-a590ed17f597,42a06543-0e85-4541-be72-12d318a511b6,4,BOOK-698267-719,good,borrowed,2025-07-10T11:41:38.994308+00:00,2025-07-10T11:41:38.994308+00:00,BOOK-698267-719/004/25,Imported from old system - Original BookID: 14900,14900
0a4399c9-5fab-4cd6-8d39-87846b34ab4d,fadcce8f-a0ea-4a4c-9cee-a39b523d8060,146,BOOK-580726-548,good,borrowed,2025-07-10T11:39:41.841302+00:00,2025-07-10T11:39:41.841302+00:00,BOOK-580726-548/146/25,Imported from old system - Original BookID: 14792,14792
db258c2e-7abd-4a81-a986-1079ce79e145,e105c1b1-e5fd-40bc-9e30-496e67287e73,85,BOOK-968886-246,good,borrowed,2025-07-10T11:12:49.602973+00:00,2025-07-10T11:12:49.602973+00:00,BOOK-968886-246/085/25,Imported from old system - Original BookID: 17219,17219
d38bda79-b86b-478b-823b-3ae262b42c1a,fadcce8f-a0ea-4a4c-9cee-a39b523d8060,145,BOOK-580726-548,good,borrowed,2025-07-10T11:39:41.841302+00:00,2025-07-10T11:39:41.841302+00:00,BOOK-580726-548/145/25,Imported from old system - Original BookID: 14791,14791
dfe075da-f3ce-4b87-a0d5-363596edb349,602685a6-7ea5-4863-ba16-0861d4845aba,405,BOOK-549922-89,good,borrowed,2025-07-10T11:39:12.088756+00:00,2025-07-10T11:39:12.088756+00:00,BOOK-549922-89/405/25,Imported from old system - Original BookID: 18397,18397
cd2eba52-ca5c-4f86-bcb3-6f6b55e1def5,bddf506b-a99b-40f5-a45c-697cf25efbcb,342,BOOK-916372-224,good,borrowed,2025-07-10T11:45:18.134303+00:00,2025-07-10T11:45:18.134303+00:00,BOOK-916372-224/342/25,Imported from old system - Original BookID: 15970,15970
71f5c31e-296f-4293-8c93-6355f464b9db,42a06543-0e85-4541-be72-12d318a511b6,123,BOOK-698267-719,good,borrowed,2025-07-10T11:41:39.320213+00:00,2025-07-10T11:41:39.320213+00:00,BOOK-698267-719/123/25,Imported from old system - Original BookID: 15019,15019
2b0db76a-8a4d-4bd3-be25-2beec3e85bc4,3ba84163-24e5-46f8-a40d-2f55fc4977cc,167,BOOK-776836-863,good,borrowed,2025-07-10T11:42:57.905692+00:00,2025-07-10T11:42:57.905692+00:00,BOOK-776836-863/167/25,Imported from old system - Original BookID: 17658,17658
3d34afab-6448-42c6-b1c0-5a60dd436d34,3ba84163-24e5-46f8-a40d-2f55fc4977cc,173,BOOK-776836-863,good,borrowed,2025-07-10T11:42:57.905692+00:00,2025-07-10T11:42:57.905692+00:00,BOOK-776836-863/173/25,Imported from old system - Original BookID: 17664,17664
ee219d16-4036-4ba8-ae18-c90bd2e797ac,5c000f26-1444-4a9c-b675-e4ee8133c3f2,62,BOOK-775015-133,good,borrowed,2025-07-10T11:42:55.742612+00:00,2025-07-10T11:42:55.742612+00:00,BOOK-775015-133/062/25,Imported from old system - Original BookID: 15208,15208
2d21addb-22b8-428e-857b-3400832cb2d3,e105c1b1-e5fd-40bc-9e30-496e67287e73,173,BOOK-968886-246,good,borrowed,2025-07-10T11:12:49.965225+00:00,2025-07-10T11:12:49.965225+00:00,BOOK-968886-246/173/25,Imported from old system - Original BookID: 17307,17307
f0704553-6d24-45fe-817a-46a08c586288,e93e331a-73f5-4144-bff0-d2f824184466,481,BOOK-360203-904,good,borrowed,2025-07-10T11:52:42.296114+00:00,2025-07-10T11:52:42.296114+00:00,BOOK-360203-904/481/25,Imported from old system - Original BookID: 16548,16548
58634a29-1872-4d08-952e-7f87a2ca545a,e93e331a-73f5-4144-bff0-d2f824184466,460,BOOK-360203-904,good,borrowed,2025-07-10T11:52:42.296114+00:00,2025-07-10T11:52:42.296114+00:00,BOOK-360203-904/460/25,Imported from old system - Original BookID: 16527,16527
9a451b3c-5190-4fec-8d0e-f8221b9fe0b8,3c3ef9fa-1059-4a57-994d-3097c996e662,53,BOOK-941892-14,good,borrowed,2025-07-10T11:45:42.57178+00:00,2025-07-10T11:45:42.57178+00:00,BOOK-941892-14/053/25,Imported from old system - Original BookID: 16781,16781
03e81b5b-1d82-4fd5-918a-5a7ec37200a4,42a06543-0e85-4541-be72-12d318a511b6,201,BOOK-698267-719,good,borrowed,2025-07-10T11:41:39.644951+00:00,2025-07-10T11:41:39.644951+00:00,BOOK-698267-719/201/25,Imported from old system - Original BookID: 15097,15097
9bf57252-8699-4f71-ba04-c817612d7f23,fadcce8f-a0ea-4a4c-9cee-a39b523d8060,56,BOOK-580726-548,good,borrowed,2025-07-10T11:39:41.502317+00:00,2025-07-10T11:39:41.502317+00:00,BOOK-580726-548/056/25,Imported from old system - Original BookID: 14702,14702
2906084f-70b3-43dc-8515-6457255ad94c,5c000f26-1444-4a9c-b675-e4ee8133c3f2,81,BOOK-775015-133,good,borrowed,2025-07-10T11:42:55.742612+00:00,2025-07-10T11:42:55.742612+00:00,BOOK-775015-133/081/25,Imported from old system - Original BookID: 15227,15227
274fe205-b68a-4c7e-879d-6b81645b27b6,e93e331a-73f5-4144-bff0-d2f824184466,466,BOOK-360203-904,good,borrowed,2025-07-10T11:52:42.296114+00:00,2025-07-10T11:52:42.296114+00:00,BOOK-360203-904/466/25,Imported from old system - Original BookID: 16533,16533
4af4cb14-a52c-4e30-bc1e-e2b2500c49a9,e93e331a-73f5-4144-bff0-d2f824184466,281,BOOK-360203-904,good,borrowed,2025-07-10T11:52:41.585329+00:00,2025-07-10T11:52:41.585329+00:00,BOOK-360203-904/281/25,Imported from old system - Original BookID: 16347,16347
23a2ff29-300c-43d6-934b-5b2c006aa0db,42a06543-0e85-4541-be72-12d318a511b6,220,BOOK-698267-719,good,borrowed,2025-07-10T11:41:39.644951+00:00,2025-07-10T11:41:39.644951+00:00,BOOK-698267-719/220/25,Imported from old system - Original BookID: 15116,15116
16997730-1fa3-414f-85fa-add160bb46fd,5c000f26-1444-4a9c-b675-e4ee8133c3f2,139,BOOK-775015-133,good,borrowed,2025-07-10T11:42:56.111219+00:00,2025-07-10T11:42:56.111219+00:00,BOOK-775015-133/139/25,Imported from old system - Original BookID: 15285,15285
179de84d-a6b6-46e1-8d1d-7558d42b2056,e93e331a-73f5-4144-bff0-d2f824184466,369,BOOK-360203-904,good,borrowed,2025-07-10T11:52:41.9534+00:00,2025-07-10T11:52:41.9534+00:00,BOOK-360203-904/369/25,Imported from old system - Original BookID: 16435,16435
87daac84-0ea4-48db-a8eb-a4832ab680b1,602685a6-7ea5-4863-ba16-0861d4845aba,458,BOOK-549922-89,good,borrowed,2025-07-10T11:39:12.088756+00:00,2025-07-10T11:39:12.088756+00:00,BOOK-549922-89/458/25,Imported from old system - Original BookID: 18450,18450
4b0a46e2-c225-465c-b0f1-3dd5f846531f,602685a6-7ea5-4863-ba16-0861d4845aba,473,BOOK-549922-89,good,borrowed,2025-07-10T11:39:12.088756+00:00,2025-07-10T11:39:12.088756+00:00,BOOK-549922-89/473/25,Imported from old system - Original BookID: 18465,18465
31167a2e-6ec6-4430-87b0-a3adabdd6828,3ba84163-24e5-46f8-a40d-2f55fc4977cc,299,BOOK-776836-863,good,borrowed,2025-07-10T11:42:58.264911+00:00,2025-07-10T11:42:58.264911+00:00,BOOK-776836-863/299/25,Imported from old system - Original BookID: 17791,17791
1b8db898-f6c8-4c84-9b3f-7fdee9678212,e93e331a-73f5-4144-bff0-d2f824184466,94,BOOK-360203-904,good,borrowed,2025-07-10T11:52:40.906403+00:00,2025-07-10T11:52:40.906403+00:00,BOOK-360203-904/094/25,Imported from old system - Original BookID: 16159,16159
d76ae326-598c-4eb0-a9d3-a79d9471cb35,602685a6-7ea5-4863-ba16-0861d4845aba,425,BOOK-549922-89,good,borrowed,2025-07-10T11:39:12.088756+00:00,2025-07-10T11:39:12.088756+00:00,BOOK-549922-89/425/25,Imported from old system - Original BookID: 18417,18417
52d675e5-347e-4845-92c9-d9cf838f7000,cab8162d-217a-4935-ba96-aac2976f1ff5,200,BOOK-707780-561,good,borrowed,2025-07-10T11:41:48.892164+00:00,2025-07-10T11:41:48.892164+00:00,BOOK-707780-561/200/25,Imported from old system - Original BookID: 18141,18141
bb2ea128-e090-4b01-bd12-6d0b8987ecae,bddf506b-a99b-40f5-a45c-697cf25efbcb,108,BOOK-916372-224,good,borrowed,2025-07-10T11:45:17.42628+00:00,2025-07-10T11:45:17.42628+00:00,BOOK-916372-224/108/25,Imported from old system - Original BookID: 15735,15735
9f3a0ae8-9664-4d31-b661-1adc1db0b21a,e93e331a-73f5-4144-bff0-d2f824184466,393,BOOK-360203-904,good,borrowed,2025-07-10T11:52:41.9534+00:00,2025-07-10T11:52:41.9534+00:00,BOOK-360203-904/393/25,Imported from old system - Original BookID: 16459,16459
4deff253-f99c-43df-9433-4a85aaae3250,e105c1b1-e5fd-40bc-9e30-496e67287e73,164,BOOK-968886-246,good,borrowed,2025-07-10T11:12:49.965225+00:00,2025-07-10T11:12:49.965225+00:00,BOOK-968886-246/164/25,Imported from old system - Original BookID: 17298,17298
24e05285-63ac-4c1f-a7ed-a20b79d4e9af,cab8162d-217a-4935-ba96-aac2976f1ff5,163,BOOK-707780-561,good,borrowed,2025-07-10T11:41:48.892164+00:00,2025-07-10T11:41:48.892164+00:00,BOOK-707780-561/163/25,Imported from old system - Original BookID: 18104,18104
a24464d0-e939-49e4-a388-f9f20b608d57,602685a6-7ea5-4863-ba16-0861d4845aba,575,BOOK-549922-89,good,borrowed,2025-07-10T11:39:12.471445+00:00,2025-07-10T11:39:12.471445+00:00,BOOK-549922-89/575/25,Imported from old system - Original BookID: 18567,18567
81d90c25-b928-49dc-bdaa-35387e3683ab,bddf506b-a99b-40f5-a45c-697cf25efbcb,124,BOOK-916372-224,good,borrowed,2025-07-10T11:45:17.42628+00:00,2025-07-10T11:45:17.42628+00:00,BOOK-916372-224/124/25,Imported from old system - Original BookID: 15751,15751
f3d69f16-be39-4725-8109-970c6ecf3e99,bddf506b-a99b-40f5-a45c-697cf25efbcb,83,BOOK-916372-224,good,borrowed,2025-07-10T11:45:17.072016+00:00,2025-07-10T11:45:17.072016+00:00,BOOK-916372-224/083/25,Imported from old system - Original BookID: 15710,15710
c23aba17-690d-46e0-8f5e-cd78c83f9346,cab8162d-217a-4935-ba96-aac2976f1ff5,130,BOOK-707780-561,good,borrowed,2025-07-10T11:41:48.892164+00:00,2025-07-10T11:41:48.892164+00:00,BOOK-707780-561/130/25,Imported from old system - Original BookID: 18071,18071
8907157d-6e8a-45ae-9e73-1f908f1958b8,602685a6-7ea5-4863-ba16-0861d4845aba,577,BOOK-549922-89,good,borrowed,2025-07-10T11:39:12.471445+00:00,2025-07-10T11:39:12.471445+00:00,BOOK-549922-89/577/25,Imported from old system - Original BookID: 18569,18569
577722f1-e7b0-4a6c-95c4-218b89891774,bddf506b-a99b-40f5-a45c-697cf25efbcb,141,BOOK-916372-224,good,borrowed,2025-07-10T11:45:17.42628+00:00,2025-07-10T11:45:17.42628+00:00,BOOK-916372-224/141/25,Imported from old system - Original BookID: 15768,15768
2c0233a1-c71e-4fca-ba72-6cec364628cf,5c000f26-1444-4a9c-b675-e4ee8133c3f2,147,BOOK-775015-133,good,borrowed,2025-07-10T11:42:56.111219+00:00,2025-07-10T11:42:56.111219+00:00,BOOK-775015-133/147/25,Imported from old system - Original BookID: 15293,15293
f4357190-a3e6-40e7-bf87-58463760a98e,bddf506b-a99b-40f5-a45c-697cf25efbcb,136,BOOK-916372-224,good,borrowed,2025-07-10T11:45:17.42628+00:00,2025-07-10T11:45:17.42628+00:00,BOOK-916372-224/136/25,Imported from old system - Original BookID: 15763,15763
7eed589d-b3d1-435a-8a34-fcba8dfaf337,602685a6-7ea5-4863-ba16-0861d4845aba,437,BOOK-549922-89,good,borrowed,2025-07-10T11:39:12.088756+00:00,2025-07-10T11:39:12.088756+00:00,BOOK-549922-89/437/25,Imported from old system - Original BookID: 18429,18429
3bf39d6e-7a39-43b6-944c-53512e2b90e0,5c000f26-1444-4a9c-b675-e4ee8133c3f2,183,BOOK-775015-133,good,borrowed,2025-07-10T11:42:56.111219+00:00,2025-07-10T11:42:56.111219+00:00,BOOK-775015-133/183/25,Imported from old system - Original BookID: 15329,15329
d1d1237c-4267-4e00-a7ad-cd4175f69429,cab8162d-217a-4935-ba96-aac2976f1ff5,227,BOOK-707780-561,good,borrowed,2025-07-10T11:41:49.210984+00:00,2025-07-10T11:41:49.210984+00:00,BOOK-707780-561/227/25,Imported from old system - Original BookID: 18168,18168
8214d784-d5c6-491c-a799-ab411844d69a,e105c1b1-e5fd-40bc-9e30-496e67287e73,277,BOOK-968886-246,good,borrowed,2025-07-10T11:12:50.329598+00:00,2025-07-10T11:12:50.329598+00:00,BOOK-968886-246/277/25,Imported from old system - Original BookID: 17411,17411
aa47aac9-f418-472f-95da-2419c200e36a,602685a6-7ea5-4863-ba16-0861d4845aba,472,BOOK-549922-89,good,borrowed,2025-07-10T11:39:12.088756+00:00,2025-07-10T11:39:12.088756+00:00,BOOK-549922-89/472/25,Imported from old system - Original BookID: 18464,18464
92f53422-f4ae-47ed-9b06-5f8cae56bdb8,bddf506b-a99b-40f5-a45c-697cf25efbcb,82,BOOK-916372-224,good,borrowed,2025-07-10T11:45:17.072016+00:00,2025-07-10T11:45:17.072016+00:00,BOOK-916372-224/082/25,Imported from old system - Original BookID: 15709,15709
686fe2d1-73ee-4313-b8c1-e0e56c33e02a,5c000f26-1444-4a9c-b675-e4ee8133c3f2,196,BOOK-775015-133,good,borrowed,2025-07-10T11:42:56.111219+00:00,2025-07-10T11:42:56.111219+00:00,BOOK-775015-133/196/25,Imported from old system - Original BookID: 15342,15342
b3e23ec9-3d18-4112-8848-ebea7be8ab4b,e93e331a-73f5-4144-bff0-d2f824184466,358,BOOK-360203-904,good,borrowed,2025-07-10T11:52:41.9534+00:00,2025-07-10T11:52:41.9534+00:00,BOOK-360203-904/358/25,Imported from old system - Original BookID: 16424,16424
e9a45668-8524-4bbd-851b-1ccc1cf13de8,cab8162d-217a-4935-ba96-aac2976f1ff5,156,BOOK-707780-561,good,borrowed,2025-07-10T11:41:48.892164+00:00,2025-07-10T11:41:48.892164+00:00,BOOK-707780-561/156/25,Imported from old system - Original BookID: 18097,18097
8d80a01a-eaa3-4a8e-9acc-d5f0a513935e,602685a6-7ea5-4863-ba16-0861d4845aba,443,BOOK-549922-89,good,borrowed,2025-07-10T11:39:12.088756+00:00,2025-07-10T11:39:12.088756+00:00,BOOK-549922-89/443/25,Imported from old system - Original BookID: 18435,18435
68b3ec1a-0f0e-4fb6-8e29-da7afe8be1f8,5c000f26-1444-4a9c-b675-e4ee8133c3f2,187,BOOK-775015-133,good,borrowed,2025-07-10T11:42:56.111219+00:00,2025-07-10T11:42:56.111219+00:00,BOOK-775015-133/187/25,Imported from old system - Original BookID: 15333,15333
6a41b542-fab7-4bb0-9723-e21f1a9ef25d,cab8162d-217a-4935-ba96-aac2976f1ff5,121,BOOK-707780-561,good,borrowed,2025-07-10T11:41:48.892164+00:00,2025-07-10T11:41:48.892164+00:00,BOOK-707780-561/121/25,Imported from old system - Original BookID: 18062,18062
552b6e77-d06f-40a1-b213-108e07dd7392,602685a6-7ea5-4863-ba16-0861d4845aba,429,BOOK-549922-89,good,borrowed,2025-07-10T11:39:12.088756+00:00,2025-07-10T11:39:12.088756+00:00,BOOK-549922-89/429/25,Imported from old system - Original BookID: 18421,18421
4edbffc7-cdc3-444b-ac1f-e845335e1c4a,5c000f26-1444-4a9c-b675-e4ee8133c3f2,181,BOOK-775015-133,good,borrowed,2025-07-10T11:42:56.111219+00:00,2025-07-10T11:42:56.111219+00:00,BOOK-775015-133/181/25,Imported from old system - Original BookID: 15327,15327
c2ba1253-d394-4110-930a-23dbb02261d3,e93e331a-73f5-4144-bff0-d2f824184466,352,BOOK-360203-904,good,borrowed,2025-07-10T11:52:41.9534+00:00,2025-07-10T11:52:41.9534+00:00,BOOK-360203-904/352/25,Imported from old system - Original BookID: 16418,16418
d847c347-39d7-4c66-93c1-c34368b7bf2a,cab8162d-217a-4935-ba96-aac2976f1ff5,229,BOOK-707780-561,good,borrowed,2025-07-10T11:41:49.210984+00:00,2025-07-10T11:41:49.210984+00:00,BOOK-707780-561/229/25,Imported from old system - Original BookID: 18170,18170
87f3b0f8-5ebe-43ca-9648-1acd891c95e1,602685a6-7ea5-4863-ba16-0861d4845aba,434,BOOK-549922-89,good,borrowed,2025-07-10T11:39:12.088756+00:00,2025-07-10T11:39:12.088756+00:00,BOOK-549922-89/434/25,Imported from old system - Original BookID: 18426,18426
e07fa7e6-81e5-450a-ad59-5204a362e5e2,e105c1b1-e5fd-40bc-9e30-496e67287e73,280,BOOK-968886-246,good,borrowed,2025-07-10T11:12:50.329598+00:00,2025-07-10T11:12:50.329598+00:00,BOOK-968886-246/280/25,Imported from old system - Original BookID: 17414,17414
15a4c857-14ae-4adc-8e2d-1943ea31cc91,5c000f26-1444-4a9c-b675-e4ee8133c3f2,160,BOOK-775015-133,good,borrowed,2025-07-10T11:42:56.111219+00:00,2025-07-10T11:42:56.111219+00:00,BOOK-775015-133/160/25,Imported from old system - Original BookID: 15306,15306
9a84c0aa-9912-4e93-bb95-fba8a6335db8,e93e331a-73f5-4144-bff0-d2f824184466,350,BOOK-360203-904,good,borrowed,2025-07-10T11:52:41.9534+00:00,2025-07-10T11:52:41.9534+00:00,BOOK-360203-904/350/25,Imported from old system - Original BookID: 16416,16416
ecee15d8-1eb4-4219-8448-8aa758c313a4,cab8162d-217a-4935-ba96-aac2976f1ff5,225,BOOK-707780-561,good,borrowed,2025-07-10T11:41:49.210984+00:00,2025-07-10T11:41:49.210984+00:00,BOOK-707780-561/225/25,Imported from old system - Original BookID: 18166,18166
5ebc1e95-62d2-4586-af1d-f6ee8cf3e0b4,602685a6-7ea5-4863-ba16-0861d4845aba,433,BOOK-549922-89,good,borrowed,2025-07-10T11:39:12.088756+00:00,2025-07-10T11:39:12.088756+00:00,BOOK-549922-89/433/25,Imported from old system - Original BookID: 18425,18425
258e1f3d-7066-4953-9f65-c0f3c3409063,bddf506b-a99b-40f5-a45c-697cf25efbcb,151,BOOK-916372-224,good,borrowed,2025-07-10T11:45:17.42628+00:00,2025-07-10T11:45:17.42628+00:00,BOOK-916372-224/151/25,Imported from old system - Original BookID: 15779,15779
d66bc644-21cc-4461-87e5-4a8dd7b04ec1,e105c1b1-e5fd-40bc-9e30-496e67287e73,122,BOOK-968886-246,good,borrowed,2025-07-10T11:12:49.965225+00:00,2025-07-10T11:12:49.965225+00:00,BOOK-968886-246/122/25,Imported from old system - Original BookID: 17256,17256
7a8002b9-7d62-4cb0-878f-4200bae4812a,5c000f26-1444-4a9c-b675-e4ee8133c3f2,198,BOOK-775015-133,good,borrowed,2025-07-10T11:42:56.111219+00:00,2025-07-10T11:42:56.111219+00:00,BOOK-775015-133/198/25,Imported from old system - Original BookID: 15344,15344
7192ca9e-e60e-4703-a8af-44b79124af7b,e93e331a-73f5-4144-bff0-d2f824184466,356,BOOK-360203-904,good,borrowed,2025-07-10T11:52:41.9534+00:00,2025-07-10T11:52:41.9534+00:00,BOOK-360203-904/356/25,Imported from old system - Original BookID: 16422,16422
bbad4c16-b4ba-49f0-8eb4-6686a61c6bd6,42a06543-0e85-4541-be72-12d318a511b6,221,BOOK-698267-719,good,borrowed,2025-07-10T11:41:39.644951+00:00,2025-07-10T11:41:39.644951+00:00,BOOK-698267-719/221/25,Imported from old system - Original BookID: 15117,15117
8a7b7fc4-4557-46a3-9f22-e0004e2ab963,602685a6-7ea5-4863-ba16-0861d4845aba,530,BOOK-549922-89,good,borrowed,2025-07-10T11:39:12.471445+00:00,2025-07-10T11:39:12.471445+00:00,BOOK-549922-89/530/25,Imported from old system - Original BookID: 18522,18522
0269bc27-8c1f-4034-b962-cb649b295c21,bddf506b-a99b-40f5-a45c-697cf25efbcb,120,BOOK-916372-224,good,borrowed,2025-07-10T11:45:17.42628+00:00,2025-07-10T11:45:17.42628+00:00,BOOK-916372-224/120/25,Imported from old system - Original BookID: 15747,15747
6f5ba408-0843-4711-816f-a0db1317b947,e105c1b1-e5fd-40bc-9e30-496e67287e73,284,BOOK-968886-246,good,borrowed,2025-07-10T11:12:50.329598+00:00,2025-07-10T11:12:50.329598+00:00,BOOK-968886-246/284/25,Imported from old system - Original BookID: 17418,17418
facde0f1-530b-4006-bfff-a6c8839d8f68,602685a6-7ea5-4863-ba16-0861d4845aba,195,BOOK-549922-89,good,borrowed,2025-07-10T11:39:11.024434+00:00,2025-07-10T11:39:11.024434+00:00,BOOK-549922-89/195/25,Imported from old system - Original BookID: 18187,18187
9c621dd1-5bfc-4c1c-8da6-f04c7097d391,42a06543-0e85-4541-be72-12d318a511b6,13,BOOK-698267-719,good,borrowed,2025-07-10T11:41:38.994308+00:00,2025-07-10T11:41:38.994308+00:00,BOOK-698267-719/013/25,Imported from old system - Original BookID: 14909,14909
34da2cee-501c-43e5-8965-38aa35067d44,3ba84163-24e5-46f8-a40d-2f55fc4977cc,176,BOOK-776836-863,good,borrowed,2025-07-10T11:42:57.905692+00:00,2025-07-10T11:42:57.905692+00:00,BOOK-776836-863/176/25,Imported from old system - Original BookID: 17667,17667
13c6c6b3-4ff2-4677-90a5-bd064347935d,42a06543-0e85-4541-be72-12d318a511b6,10,BOOK-698267-719,good,borrowed,2025-07-10T11:41:38.994308+00:00,2025-07-10T11:41:38.994308+00:00,BOOK-698267-719/010/25,Imported from old system - Original BookID: 14906,14906
e9f3744b-1ccc-4824-8152-df67046846a4,602685a6-7ea5-4863-ba16-0861d4845aba,237,BOOK-549922-89,good,borrowed,2025-07-10T11:39:11.37119+00:00,2025-07-10T11:39:11.37119+00:00,BOOK-549922-89/237/25,Imported from old system - Original BookID: 18229,18229
e022c381-d48d-4e83-9679-e97fc35658c3,e93e331a-73f5-4144-bff0-d2f824184466,649,BOOK-360203-904,good,borrowed,2025-07-10T11:52:43.072224+00:00,2025-07-10T11:52:43.072224+00:00,BOOK-360203-904/649/25,Imported from old system - Original BookID: 16718,16718
12a93e58-133a-44bc-8b45-2ec48c939b2c,602685a6-7ea5-4863-ba16-0861d4845aba,236,BOOK-549922-89,good,borrowed,2025-07-10T11:39:11.37119+00:00,2025-07-10T11:39:11.37119+00:00,BOOK-549922-89/236/25,Imported from old system - Original BookID: 18228,18228
4bcd91a4-ac06-4f79-8d8b-7b05be8a448c,42a06543-0e85-4541-be72-12d318a511b6,29,BOOK-698267-719,good,borrowed,2025-07-10T11:41:38.994308+00:00,2025-07-10T11:41:38.994308+00:00,BOOK-698267-719/029/25,Imported from old system - Original BookID: 14925,14925
125ca5fb-890f-4b16-94ab-1f150cbaf91f,602685a6-7ea5-4863-ba16-0861d4845aba,225,BOOK-549922-89,good,borrowed,2025-07-10T11:39:11.37119+00:00,2025-07-10T11:39:11.37119+00:00,BOOK-549922-89/225/25,Imported from old system - Original BookID: 18217,18217
6e6623eb-a407-4157-8d0b-761a48908db8,602685a6-7ea5-4863-ba16-0861d4845aba,314,BOOK-549922-89,good,borrowed,2025-07-10T11:39:11.707651+00:00,2025-07-10T11:39:11.707651+00:00,BOOK-549922-89/314/25,Imported from old system - Original BookID: 18306,18306
6830cfa9-5408-4b98-b94f-e7e8923a1d06,bddf506b-a99b-40f5-a45c-697cf25efbcb,229,BOOK-916372-224,good,borrowed,2025-07-10T11:45:17.7532+00:00,2025-07-10T11:45:17.7532+00:00,BOOK-916372-224/229/25,Imported from old system - Original BookID: 15857,15857
7e77698e-0803-4d42-bd23-8b868361374d,602685a6-7ea5-4863-ba16-0861d4845aba,254,BOOK-549922-89,good,borrowed,2025-07-10T11:39:11.37119+00:00,2025-07-10T11:39:11.37119+00:00,BOOK-549922-89/254/25,Imported from old system - Original BookID: 18246,18246
3b66932e-eb74-4686-b845-8a2cd5c12cd2,42a06543-0e85-4541-be72-12d318a511b6,41,BOOK-698267-719,good,borrowed,2025-07-10T11:41:38.994308+00:00,2025-07-10T11:41:38.994308+00:00,BOOK-698267-719/041/25,Imported from old system - Original BookID: 14937,14937
dcba81dd-dbf4-4bd7-a775-48e5be52ba7b,602685a6-7ea5-4863-ba16-0861d4845aba,206,BOOK-549922-89,good,borrowed,2025-07-10T11:39:11.37119+00:00,2025-07-10T11:39:11.37119+00:00,BOOK-549922-89/206/25,Imported from old system - Original BookID: 18198,18198
969ac14b-d898-4a03-b434-8d4866e5d227,3ba84163-24e5-46f8-a40d-2f55fc4977cc,117,BOOK-776836-863,good,borrowed,2025-07-10T11:42:57.905692+00:00,2025-07-10T11:42:57.905692+00:00,BOOK-776836-863/117/25,Imported from old system - Original BookID: 17608,17608
11ad5780-4970-4795-aa91-176d408a029f,e93e331a-73f5-4144-bff0-d2f824184466,501,BOOK-360203-904,good,borrowed,2025-07-10T11:52:42.673722+00:00,2025-07-10T11:52:42.673722+00:00,BOOK-360203-904/501/25,Imported from old system - Original BookID: 16568,16568
7eac6601-54ba-4cae-9508-f7be00ba05cc,42a06543-0e85-4541-be72-12d318a511b6,51,BOOK-698267-719,good,borrowed,2025-07-10T11:41:38.994308+00:00,2025-07-10T11:41:38.994308+00:00,BOOK-698267-719/051/25,Imported from old system - Original BookID: 14947,14947
f68700eb-df68-46ac-8689-dacabcd4a88f,602685a6-7ea5-4863-ba16-0861d4845aba,189,BOOK-549922-89,good,borrowed,2025-07-10T11:39:11.024434+00:00,2025-07-10T11:39:11.024434+00:00,BOOK-549922-89/189/25,Imported from old system - Original BookID: 18181,18181
aaebcb53-091c-4500-922b-f1168c368cc5,bddf506b-a99b-40f5-a45c-697cf25efbcb,382,BOOK-916372-224,good,borrowed,2025-07-10T11:45:18.134303+00:00,2025-07-10T11:45:18.134303+00:00,BOOK-916372-224/382/25,Imported from old system - Original BookID: 16010,16010
00c237e0-e30d-4b0c-af8e-ef87bbc08223,9b655fa1-2d3d-4de4-937c-239e307f3cc2,308,BOOK-966633-13,good,borrowed,2025-07-10T11:12:48.4822+00:00,2025-07-10T11:12:48.4822+00:00,BOOK-966633-13/308/25,Imported from old system - Original BookID: 17122,17122
c19c3f60-f243-41c9-93d0-cd80c95ddde1,42a06543-0e85-4541-be72-12d318a511b6,85,BOOK-698267-719,good,borrowed,2025-07-10T11:41:38.994308+00:00,2025-07-10T11:41:38.994308+00:00,BOOK-698267-719/085/25,Imported from old system - Original BookID: 14981,14981
be735ce4-44b1-4e6c-8f4d-7a14b88dfa21,e4f32b79-9e47-49a2-a1e5-83b41f3adeed,8,BOOK-731841-499,good,borrowed,2025-07-10T11:08:52.526488+00:00,2025-07-10T11:08:52.526488+00:00,BOOK-731841-499/008/25,Imported from old system - Original BookID: 12748,12748
9d82566a-04cc-4b4d-b60f-7ce6692d57e1,a09d585a-c1c9-425f-903c-b5f386c4bfa3,15,BOOK-806076-513,good,borrowed,2025-07-10T11:10:06.771821+00:00,2025-07-10T11:10:06.771821+00:00,BOOK-806076-513/015/25,Imported from old system - Original BookID: 10836,10836
c7d23830-9eb0-44f5-b2bd-e318efdf5315,f4560ca2-0b68-4e16-be12-f452b6d474f6,5,BOOK-719413-142,good,borrowed,2025-07-10T11:25:20.131531+00:00,2025-07-10T11:25:20.131531+00:00,BOOK-719413-142/005/25,Imported from old system - Original BookID: 14295,14295
46ef756a-f3f1-4b81-a442-9b3d6774aeeb,b0eebe5f-b5d2-4f79-a2f4-fa1f5aa16a12,8,BOOK-555952-287,good,borrowed,2025-07-10T11:22:36.61698+00:00,2025-07-10T11:22:36.61698+00:00,BOOK-555952-287/008/25,Imported from old system - Original BookID: 6450,6450
b608fd6e-d223-4c9c-bde7-6cb51dfada98,3ba84163-24e5-46f8-a40d-2f55fc4977cc,313,BOOK-776836-863,good,borrowed,2025-07-10T11:42:58.631945+00:00,2025-07-10T11:42:58.631945+00:00,BOOK-776836-863/313/25,Imported from old system - Original BookID: 17805,17805
863abc28-7557-4e17-9e93-ea066e85e44b,3ba84163-24e5-46f8-a40d-2f55fc4977cc,226,BOOK-776836-863,good,borrowed,2025-07-10T11:42:58.264911+00:00,2025-07-10T11:42:58.264911+00:00,BOOK-776836-863/226/25,Imported from old system - Original BookID: 17717,17717
ec881df8-2989-4f3b-a043-2699eaba630e,42a06543-0e85-4541-be72-12d318a511b6,240,BOOK-698267-719,good,borrowed,2025-07-10T11:41:39.644951+00:00,2025-07-10T11:41:39.644951+00:00,BOOK-698267-719/240/25,Imported from old system - Original BookID: 15136,15136
57e3eed8-36b2-4a1a-9ef3-05e687803192,5c000f26-1444-4a9c-b675-e4ee8133c3f2,4,BOOK-775015-133,good,borrowed,2025-07-10T11:42:55.742612+00:00,2025-07-10T11:42:55.742612+00:00,BOOK-775015-133/004/25,Imported from old system - Original BookID: 15150,15150
1f7795b6-ca10-40b0-bf23-be9b5dd5fe75,5c000f26-1444-4a9c-b675-e4ee8133c3f2,15,BOOK-775015-133,good,borrowed,2025-07-10T11:42:55.742612+00:00,2025-07-10T11:42:55.742612+00:00,BOOK-775015-133/015/25,Imported from old system - Original BookID: 15161,15161
575ba5fc-8288-4ed6-a84c-23b59dcd8abc,5c000f26-1444-4a9c-b675-e4ee8133c3f2,10,BOOK-775015-133,good,borrowed,2025-07-10T11:42:55.742612+00:00,2025-07-10T11:42:55.742612+00:00,BOOK-775015-133/010/25,Imported from old system - Original BookID: 15156,15156
b8ad0206-5cff-4162-934e-696c3ed58464,3ba84163-24e5-46f8-a40d-2f55fc4977cc,182,BOOK-776836-863,good,borrowed,2025-07-10T11:42:57.905692+00:00,2025-07-10T11:42:57.905692+00:00,BOOK-776836-863/182/25,Imported from old system - Original BookID: 17673,17673
6afe9c74-9447-4ac3-98a1-68c4a9989c95,e93e331a-73f5-4144-bff0-d2f824184466,240,BOOK-360203-904,good,borrowed,2025-07-10T11:52:41.585329+00:00,2025-07-10T11:52:41.585329+00:00,BOOK-360203-904/240/25,Imported from old system - Original BookID: 16306,16306
26adc3d7-1988-439b-a417-c55d34dd6ac0,47dcfc21-7fc3-4060-844e-47c9cd2aa856,22,BOOK-653886-749,good,borrowed,2025-07-10T11:40:54.581856+00:00,2025-07-10T11:40:54.581856+00:00,BOOK-653886-749/022/25,Imported from old system - Original BookID: 15449,15449
9e5cddf1-89f5-486b-bf1e-042a1391e51c,9b655fa1-2d3d-4de4-937c-239e307f3cc2,7,BOOK-966633-13,good,borrowed,2025-07-10T11:12:47.407741+00:00,2025-07-10T11:12:47.407741+00:00,BOOK-966633-13/007/25,Imported from old system - Original BookID: 16821,16821
387306fa-ded9-4723-b416-d3fff941466e,e93e331a-73f5-4144-bff0-d2f824184466,236,BOOK-360203-904,good,borrowed,2025-07-10T11:52:41.585329+00:00,2025-07-10T11:52:41.585329+00:00,BOOK-360203-904/236/25,Imported from old system - Original BookID: 16302,16302
729b7551-f993-4189-b476-a87cb039b072,9b655fa1-2d3d-4de4-937c-239e307f3cc2,38,BOOK-966633-13,good,borrowed,2025-07-10T11:12:47.407741+00:00,2025-07-10T11:12:47.407741+00:00,BOOK-966633-13/038/25,Imported from old system - Original BookID: 16852,16852
0df2450c-ab90-4d8f-8009-2eec2695cdec,3ba84163-24e5-46f8-a40d-2f55fc4977cc,227,BOOK-776836-863,good,borrowed,2025-07-10T11:42:58.264911+00:00,2025-07-10T11:42:58.264911+00:00,BOOK-776836-863/227/25,Imported from old system - Original BookID: 17718,17718
c944e490-20c7-4612-ba25-32575a7e0da1,e93e331a-73f5-4144-bff0-d2f824184466,595,BOOK-360203-904,good,borrowed,2025-07-10T11:52:42.673722+00:00,2025-07-10T11:52:42.673722+00:00,BOOK-360203-904/595/25,Imported from old system - Original BookID: 16662,16662
bceffe06-d4f0-43db-88a6-e4fb70b3cedd,602685a6-7ea5-4863-ba16-0861d4845aba,277,BOOK-549922-89,good,borrowed,2025-07-10T11:39:11.37119+00:00,2025-07-10T11:39:11.37119+00:00,BOOK-549922-89/277/25,Imported from old system - Original BookID: 18269,18269
a6d3bab0-c4d4-4315-83d1-47d7a92710d5,9b655fa1-2d3d-4de4-937c-239e307f3cc2,20,BOOK-966633-13,good,borrowed,2025-07-10T11:12:47.407741+00:00,2025-07-10T11:12:47.407741+00:00,BOOK-966633-13/020/25,Imported from old system - Original BookID: 16834,16834
92702590-06b4-4ca8-a144-4b1eb9d2ae13,e93e331a-73f5-4144-bff0-d2f824184466,427,BOOK-360203-904,good,borrowed,2025-07-10T11:52:42.296114+00:00,2025-07-10T11:52:42.296114+00:00,BOOK-360203-904/427/25,Imported from old system - Original BookID: 16493,16493
7058335d-50f0-40b9-880d-5b37e9f67913,47dcfc21-7fc3-4060-844e-47c9cd2aa856,19,BOOK-653886-749,good,borrowed,2025-07-10T11:40:54.581856+00:00,2025-07-10T11:40:54.581856+00:00,BOOK-653886-749/019/25,Imported from old system - Original BookID: 15446,15446
7a488ff4-53ac-4e5b-85f7-403cd3c1c411,602685a6-7ea5-4863-ba16-0861d4845aba,392,BOOK-549922-89,good,borrowed,2025-07-10T11:39:11.707651+00:00,2025-07-10T11:39:11.707651+00:00,BOOK-549922-89/392/25,Imported from old system - Original BookID: 18384,18384
f8c6cf63-4b79-4e42-85ff-52bc1974bc39,42a06543-0e85-4541-be72-12d318a511b6,115,BOOK-698267-719,good,borrowed,2025-07-10T11:41:39.320213+00:00,2025-07-10T11:41:39.320213+00:00,BOOK-698267-719/115/25,Imported from old system - Original BookID: 15011,15011
fb17354b-aef6-442f-9f25-7f4d525fb133,602685a6-7ea5-4863-ba16-0861d4845aba,397,BOOK-549922-89,good,borrowed,2025-07-10T11:39:11.707651+00:00,2025-07-10T11:39:11.707651+00:00,BOOK-549922-89/397/25,Imported from old system - Original BookID: 18389,18389
92131a4d-ece0-42f9-a9a0-f12d1ab278a9,42a06543-0e85-4541-be72-12d318a511b6,125,BOOK-698267-719,good,borrowed,2025-07-10T11:41:39.320213+00:00,2025-07-10T11:41:39.320213+00:00,BOOK-698267-719/125/25,Imported from old system - Original BookID: 15021,15021
4bbe142c-28c8-4a5e-a5b7-7aa68c371c1c,fadcce8f-a0ea-4a4c-9cee-a39b523d8060,179,BOOK-580726-548,good,borrowed,2025-07-10T11:39:41.841302+00:00,2025-07-10T11:39:41.841302+00:00,BOOK-580726-548/179/25,Imported from old system - Original BookID: 14825,14825
a62eeaea-d434-4641-bd93-69da028d815c,42a06543-0e85-4541-be72-12d318a511b6,154,BOOK-698267-719,good,borrowed,2025-07-10T11:41:39.320213+00:00,2025-07-10T11:41:39.320213+00:00,BOOK-698267-719/154/25,Imported from old system - Original BookID: 15050,15050
f836b3e7-50ca-46d8-850a-4951064a2c6b,fadcce8f-a0ea-4a4c-9cee-a39b523d8060,166,BOOK-580726-548,good,borrowed,2025-07-10T11:39:41.841302+00:00,2025-07-10T11:39:41.841302+00:00,BOOK-580726-548/166/25,Imported from old system - Original BookID: 14812,14812
75446e60-fbe3-4dfb-9426-8b3223eb4002,3c3ef9fa-1059-4a57-994d-3097c996e662,51,BOOK-941892-14,good,borrowed,2025-07-10T11:45:42.57178+00:00,2025-07-10T11:45:42.57178+00:00,BOOK-941892-14/051/25,Imported from old system - Original BookID: 16779,16779
535a1e11-85c9-48f5-9335-847e6a8b886c,e105c1b1-e5fd-40bc-9e30-496e67287e73,127,BOOK-968886-246,good,borrowed,2025-07-10T11:12:49.965225+00:00,2025-07-10T11:12:49.965225+00:00,BOOK-968886-246/127/25,Imported from old system - Original BookID: 17261,17261
7d482951-15be-4a82-a234-2e10d41befc7,fadcce8f-a0ea-4a4c-9cee-a39b523d8060,172,BOOK-580726-548,good,borrowed,2025-07-10T11:39:41.841302+00:00,2025-07-10T11:39:41.841302+00:00,BOOK-580726-548/172/25,Imported from old system - Original BookID: 14818,14818
84ad496b-b1a9-4e6f-8802-61ba92f9f601,3c3ef9fa-1059-4a57-994d-3097c996e662,68,BOOK-941892-14,good,borrowed,2025-07-10T11:45:42.57178+00:00,2025-07-10T11:45:42.57178+00:00,BOOK-941892-14/068/25,Imported from old system - Original BookID: 16796,16796
e0350c68-d9bd-415d-aff8-6b0827ef537e,42a06543-0e85-4541-be72-12d318a511b6,200,BOOK-698267-719,good,borrowed,2025-07-10T11:41:39.320213+00:00,2025-07-10T11:41:39.320213+00:00,BOOK-698267-719/200/25,Imported from old system - Original BookID: 15096,15096
c140e257-354f-4a01-b13e-efc5cefb9288,e105c1b1-e5fd-40bc-9e30-496e67287e73,140,BOOK-968886-246,good,borrowed,2025-07-10T11:12:49.965225+00:00,2025-07-10T11:12:49.965225+00:00,BOOK-968886-246/140/25,Imported from old system - Original BookID: 17274,17274
12a6a02f-2d09-4cd7-a45b-65437d35c783,e105c1b1-e5fd-40bc-9e30-496e67287e73,141,BOOK-968886-246,good,borrowed,2025-07-10T11:12:49.965225+00:00,2025-07-10T11:12:49.965225+00:00,BOOK-968886-246/141/25,Imported from old system - Original BookID: 17275,17275
5dadba6f-70ae-4132-8f30-d81a9d2defd6,fadcce8f-a0ea-4a4c-9cee-a39b523d8060,259,BOOK-580726-548,good,borrowed,2025-07-10T11:39:42.238747+00:00,2025-07-10T11:39:42.238747+00:00,BOOK-580726-548/259/25,Imported from old system - Original BookID: 15405,15405
e59f9a47-68ac-45d1-86df-23933e255410,fadcce8f-a0ea-4a4c-9cee-a39b523d8060,180,BOOK-580726-548,good,borrowed,2025-07-10T11:39:41.841302+00:00,2025-07-10T11:39:41.841302+00:00,BOOK-580726-548/180/25,Imported from old system - Original BookID: 14826,14826
784cca4e-f2cf-4ad6-8998-d726b7e9e567,a8e17939-160a-450c-9566-30da05d4536b,4,BOOK-868499-370,good,borrowed,2025-07-10T11:11:09.243875+00:00,2025-07-10T11:11:09.243875+00:00,BOOK-868499-370/004/25,Imported from old system - Original BookID: 18623,18623
3b40d4cc-1935-47d7-8052-5266a70ab009,fadcce8f-a0ea-4a4c-9cee-a39b523d8060,255,BOOK-580726-548,good,borrowed,2025-07-10T11:39:42.238747+00:00,2025-07-10T11:39:42.238747+00:00,BOOK-580726-548/255/25,Imported from old system - Original BookID: 15401,15401
47ce71f5-321d-45db-a33e-096d74b652a7,53ed9ee2-f8c5-4ed3-850e-66e3d8c9b7c5,2,BOOK-040533-360,good,borrowed,2025-07-10T11:47:21.181569+00:00,2025-07-10T11:47:21.181569+00:00,BOOK-040533-360/002/25,Imported from old system - Original BookID: 14104,14104
d48adaa9-a090-4a1b-8e11-cca12bed2104,3ba84163-24e5-46f8-a40d-2f55fc4977cc,261,BOOK-776836-863,good,borrowed,2025-07-10T11:42:58.264911+00:00,2025-07-10T11:42:58.264911+00:00,BOOK-776836-863/261/25,Imported from old system - Original BookID: 17753,17753
f423906a-c5a2-45ee-94b9-759446c2e12e,e93e331a-73f5-4144-bff0-d2f824184466,35,BOOK-360203-904,good,borrowed,2025-07-10T11:52:40.906403+00:00,2025-07-10T11:52:40.906403+00:00,BOOK-360203-904/035/25,Imported from old system - Original BookID: 16100,16100
f460f508-fa36-4d56-9454-7759fc2c715d,e93e331a-73f5-4144-bff0-d2f824184466,46,BOOK-360203-904,good,borrowed,2025-07-10T11:52:40.906403+00:00,2025-07-10T11:52:40.906403+00:00,BOOK-360203-904/046/25,Imported from old system - Original BookID: 16111,16111
71ec1aa3-dcad-4e54-b2a8-ee389b3a8795,cab8162d-217a-4935-ba96-aac2976f1ff5,102,BOOK-707780-561,good,borrowed,2025-07-10T11:41:48.892164+00:00,2025-07-10T11:41:48.892164+00:00,BOOK-707780-561/102/25,Imported from old system - Original BookID: 18043,18043
6cf03254-9872-4595-936c-e2189d191822,e93e331a-73f5-4144-bff0-d2f824184466,52,BOOK-360203-904,good,borrowed,2025-07-10T11:52:40.906403+00:00,2025-07-10T11:52:40.906403+00:00,BOOK-360203-904/052/25,Imported from old system - Original BookID: 16117,16117
2f3f0c6f-4ef8-4507-bead-a26dc6c68993,cab8162d-217a-4935-ba96-aac2976f1ff5,112,BOOK-707780-561,good,borrowed,2025-07-10T11:41:48.892164+00:00,2025-07-10T11:41:48.892164+00:00,BOOK-707780-561/112/25,Imported from old system - Original BookID: 18053,18053
00eaa3cf-8716-4fb7-a645-d83fada79572,fadcce8f-a0ea-4a4c-9cee-a39b523d8060,261,BOOK-580726-548,good,borrowed,2025-07-10T11:39:42.238747+00:00,2025-07-10T11:39:42.238747+00:00,BOOK-580726-548/261/25,Imported from old system - Original BookID: 15407,15407
c3a11331-bbf8-46fb-8c80-459a381aa78c,3ba84163-24e5-46f8-a40d-2f55fc4977cc,65,BOOK-776836-863,good,borrowed,2025-07-10T11:42:57.580519+00:00,2025-07-10T11:42:57.580519+00:00,BOOK-776836-863/065/25,Imported from old system - Original BookID: 17556,17556
6a6cc7ad-0273-4e6f-996d-d9b6ffcd15c6,602685a6-7ea5-4863-ba16-0861d4845aba,340,BOOK-549922-89,good,borrowed,2025-07-10T11:39:11.707651+00:00,2025-07-10T11:39:11.707651+00:00,BOOK-549922-89/340/25,Imported from old system - Original BookID: 18332,18332
e4a99d84-91f8-4b88-93a7-7514ce0d6f54,bddf506b-a99b-40f5-a45c-697cf25efbcb,280,BOOK-916372-224,good,borrowed,2025-07-10T11:45:17.7532+00:00,2025-07-10T11:45:17.7532+00:00,BOOK-916372-224/280/25,Imported from old system - Original BookID: 15908,15908
f5b92972-855d-4ad1-86d2-f60e8774301a,e93e331a-73f5-4144-bff0-d2f824184466,117,BOOK-360203-904,good,borrowed,2025-07-10T11:52:41.229402+00:00,2025-07-10T11:52:41.229402+00:00,BOOK-360203-904/117/25,Imported from old system - Original BookID: 16182,16182
2fd0173c-f2ef-49ad-8139-1c4b69685f49,602685a6-7ea5-4863-ba16-0861d4845aba,351,BOOK-549922-89,good,borrowed,2025-07-10T11:39:11.707651+00:00,2025-07-10T11:39:11.707651+00:00,BOOK-549922-89/351/25,Imported from old system - Original BookID: 18343,18343
1aa822c4-b3b9-4ad8-8bc2-caa6cd8456f3,9b655fa1-2d3d-4de4-937c-239e307f3cc2,223,BOOK-966633-13,good,borrowed,2025-07-10T11:12:48.149606+00:00,2025-07-10T11:12:48.149606+00:00,BOOK-966633-13/223/25,Imported from old system - Original BookID: 17037,17037
0db1a916-51ce-4ea7-9a22-dd678d59fbe8,9b655fa1-2d3d-4de4-937c-239e307f3cc2,210,BOOK-966633-13,good,borrowed,2025-07-10T11:12:48.149606+00:00,2025-07-10T11:12:48.149606+00:00,BOOK-966633-13/210/25,Imported from old system - Original BookID: 17024,17024
d866dd52-b2c9-4691-9dc4-6dd528d094f3,bddf506b-a99b-40f5-a45c-697cf25efbcb,270,BOOK-916372-224,good,borrowed,2025-07-10T11:45:17.7532+00:00,2025-07-10T11:45:17.7532+00:00,BOOK-916372-224/270/25,Imported from old system - Original BookID: 15898,15898
cbab6947-f628-4398-b6bf-00bc2fbd08ff,3ba84163-24e5-46f8-a40d-2f55fc4977cc,58,BOOK-776836-863,good,borrowed,2025-07-10T11:42:57.580519+00:00,2025-07-10T11:42:57.580519+00:00,BOOK-776836-863/058/25,Imported from old system - Original BookID: 17549,17549
12ab9d87-a7f7-4996-8dcb-9591b06916d3,e93e331a-73f5-4144-bff0-d2f824184466,116,BOOK-360203-904,good,borrowed,2025-07-10T11:52:41.229402+00:00,2025-07-10T11:52:41.229402+00:00,BOOK-360203-904/116/25,Imported from old system - Original BookID: 16181,16181
c96c91ce-ea58-4f3b-9ca7-6ba6b2fdf8ce,602685a6-7ea5-4863-ba16-0861d4845aba,268,BOOK-549922-89,good,borrowed,2025-07-10T11:39:11.37119+00:00,2025-07-10T11:39:11.37119+00:00,BOOK-549922-89/268/25,Imported from old system - Original BookID: 18260,18260
866e820e-36d1-4042-b9e2-dfbadc9054d8,9b655fa1-2d3d-4de4-937c-239e307f3cc2,192,BOOK-966633-13,good,borrowed,2025-07-10T11:12:47.762785+00:00,2025-07-10T11:12:47.762785+00:00,BOOK-966633-13/192/25,Imported from old system - Original BookID: 17006,17006
f3e6c53e-0425-45dc-9639-b9f2be083022,602685a6-7ea5-4863-ba16-0861d4845aba,549,BOOK-549922-89,good,borrowed,2025-07-10T11:39:12.471445+00:00,2025-07-10T11:39:12.471445+00:00,BOOK-549922-89/549/25,Imported from old system - Original BookID: 18541,18541
8080fa33-5f86-447d-9247-e1f8197c905b,bddf506b-a99b-40f5-a45c-697cf25efbcb,194,BOOK-916372-224,good,borrowed,2025-07-10T11:45:17.42628+00:00,2025-07-10T11:45:17.42628+00:00,BOOK-916372-224/194/25,Imported from old system - Original BookID: 15822,15822
a6f2dc14-90fc-41b2-a61a-b544b9784339,9b655fa1-2d3d-4de4-937c-239e307f3cc2,166,BOOK-966633-13,good,borrowed,2025-07-10T11:12:47.762785+00:00,2025-07-10T11:12:47.762785+00:00,BOOK-966633-13/166/25,Imported from old system - Original BookID: 16980,16980
d5ba853d-089b-44d6-914a-5c76cf218a5c,bddf506b-a99b-40f5-a45c-697cf25efbcb,250,BOOK-916372-224,good,borrowed,2025-07-10T11:45:17.7532+00:00,2025-07-10T11:45:17.7532+00:00,BOOK-916372-224/250/25,Imported from old system - Original BookID: 15878,15878
03654ed7-7ff4-40c7-95be-90bf28bcdbda,9b655fa1-2d3d-4de4-937c-239e307f3cc2,144,BOOK-966633-13,good,borrowed,2025-07-10T11:12:47.762785+00:00,2025-07-10T11:12:47.762785+00:00,BOOK-966633-13/144/25,Imported from old system - Original BookID: 16958,16958
f0914c61-7fff-4958-a392-bb82baface1e,602685a6-7ea5-4863-ba16-0861d4845aba,278,BOOK-549922-89,good,borrowed,2025-07-10T11:39:11.37119+00:00,2025-07-10T11:39:11.37119+00:00,BOOK-549922-89/278/25,Imported from old system - Original BookID: 18270,18270
ec44300f-f222-4040-b6e4-af8713b89fc2,bddf506b-a99b-40f5-a45c-697cf25efbcb,225,BOOK-916372-224,good,borrowed,2025-07-10T11:45:17.7532+00:00,2025-07-10T11:45:17.7532+00:00,BOOK-916372-224/225/25,Imported from old system - Original BookID: 15853,15853
c2520198-9535-4b87-a0f3-22c766c153a4,9b655fa1-2d3d-4de4-937c-239e307f3cc2,160,BOOK-966633-13,good,borrowed,2025-07-10T11:12:47.762785+00:00,2025-07-10T11:12:47.762785+00:00,BOOK-966633-13/160/25,Imported from old system - Original BookID: 16974,16974
7ffd9a62-d6f4-438b-8b3e-ab0311665d34,9b655fa1-2d3d-4de4-937c-239e307f3cc2,152,BOOK-966633-13,good,borrowed,2025-07-10T11:12:47.762785+00:00,2025-07-10T11:12:47.762785+00:00,BOOK-966633-13/152/25,Imported from old system - Original BookID: 16966,16966
3f34cd9f-bd67-4f8a-a317-548a8f54c442,fadcce8f-a0ea-4a4c-9cee-a39b523d8060,1,BOOK-580726-548,good,borrowed,2025-07-10T11:39:41.502317+00:00,2025-07-10T11:39:41.502317+00:00,BOOK-580726-548/001/25,Imported from old system - Original BookID: 14647,14647
93da86f2-b343-46a6-a4ae-35c1eccdcb9c,16072152-2afb-49da-ad2c-4b02b4a35eba,4,BOOK-450647-629,good,borrowed,2025-07-10T11:20:51.311217+00:00,2025-07-10T11:20:51.311217+00:00,BOOK-450647-629/004/25,Imported from old system - Original BookID: 11387,11387
ff6d9780-013b-4be4-9a9f-f217a8a20dc2,0ed65f4e-6160-4b9e-b288-e0d39fe4e0ea,4,BOOK-043719-772,good,borrowed,2025-07-10T11:47:24.404264+00:00,2025-07-10T11:47:24.404264+00:00,BOOK-043719-772/004/25,Imported from old system - Original BookID: 14092,14092
b965c304-a241-48dc-a1e5-591c232524a5,ed277677-b0d1-4f61-b5c0-90acc1253083,41,BOOK-262499-249,good,borrowed,2025-07-10T11:51:03.184522+00:00,2025-07-10T11:51:03.184522+00:00,BOOK-262499-249/041/25,Imported from old system - Original BookID: 3449,3449
b6c02558-efae-42f2-a919-84969fd4f404,2d51c767-c186-4e66-aade-56bf3ca78f0d,1,BOOK-611630-672,good,borrowed,2025-07-10T11:40:12.27973+00:00,2025-07-10T11:40:12.27973+00:00,BOOK-611630-672/001/25,Imported from old system - Original BookID: 13806,13806
038a4192-ba1b-4081-acfa-de8388fa2beb,b744855a-9f7c-491f-a0a0-2a8bdac899bf,1,BOOK-111684-942,good,borrowed,2025-07-10T11:48:32.389962+00:00,2025-07-10T11:48:32.389962+00:00,BOOK-111684-942/001/25,Imported from old system - Original BookID: 14174,14174
8c1c137b-4aac-4a4d-aaec-a3699a3d28cb,f1e4b691-7f8e-49ab-89d0-a643ae431946,1,BOOK-309706-280,good,borrowed,2025-07-10T11:51:50.3703+00:00,2025-07-10T11:51:50.3703+00:00,BOOK-309706-280/001/25,Imported from old system - Original BookID: 13993,13993
e5187ac4-8476-4cac-bc66-c33bd36f0083,1616300e-29a2-44bd-9201-22a4ca84e4f2,20,BOOK-638483-698,good,borrowed,2025-07-10T11:23:59.219737+00:00,2025-07-10T11:23:59.219737+00:00,BOOK-638483-698/020/25,Imported from old system - Original BookID: 10591,10591
f922a58f-aae7-4e09-b042-fc18616c74fd,df199d5a-e9ae-467e-bea6-ffc6554afbf7,3,BOOK-643303-612,good,borrowed,2025-07-10T11:40:44.021536+00:00,2025-07-10T11:40:44.021536+00:00,BOOK-643303-612/003/25,Imported from old system - Original BookID: 12679,12679
eb76f9fa-24bf-4fbe-90ef-40c55e54d723,2a71067e-b817-4fbf-9d74-5a72e2f670b8,2,BOOK-786499-324,good,borrowed,2025-07-10T11:43:07.207676+00:00,2025-07-10T11:43:07.207676+00:00,BOOK-786499-324/002/25,Imported from old system - Original BookID: 13965,13965
389ea52e-d014-4d12-b5c0-36e5d22df3eb,1ae9afbf-fb21-4f85-a0ab-2f2c4493548d,33,BOOK-517152-578,good,borrowed,2025-07-10T11:38:37.849698+00:00,2025-07-10T11:38:37.849698+00:00,BOOK-517152-578/033/25,Imported from old system - Original BookID: 12458,12458
9d4e80b1-c382-405a-93bd-8ffe4d3d05c9,6afdc1f9-4090-4137-b0c5-c12fa765530d,514,BOOK-861610-361,good,borrowed,2025-07-10T11:44:24.081571+00:00,2025-07-10T11:44:24.081571+00:00,BOOK-861610-361/514/25,Imported from old system - Original BookID: 22509,22509
71dc8f5b-3d7d-4c60-a2f6-5f876fc9b8a6,e960b34d-c19d-4255-bfe3-58a714a6220d,294,BOOK-739312-480,good,borrowed,2025-07-10T11:25:40.888158+00:00,2025-07-10T11:25:40.888158+00:00,BOOK-739312-480/294/25,Imported from old system - Original BookID: 19343,19343
028c8ed7-ed8b-4268-9842-0767c03c513a,6afdc1f9-4090-4137-b0c5-c12fa765530d,515,BOOK-861610-361,good,borrowed,2025-07-10T11:44:24.081571+00:00,2025-07-10T11:44:24.081571+00:00,BOOK-861610-361/515/25,Imported from old system - Original BookID: 22510,22510
33530664-9bc0-4a8e-ab98-48650fd8a294,e960b34d-c19d-4255-bfe3-58a714a6220d,497,BOOK-739312-480,good,borrowed,2025-07-10T11:25:41.691373+00:00,2025-07-10T11:25:41.691373+00:00,BOOK-739312-480/497/25,Imported from old system - Original BookID: 19546,19546
eff82c52-0882-4db5-af42-f6011a4fb46e,380e8876-3d61-467e-85bb-ead3cc91e5e8,153,BOOK-562157-189,good,borrowed,2025-07-10T11:39:23.280262+00:00,2025-07-10T11:39:23.280262+00:00,BOOK-562157-189/153/25,Imported from old system - Original BookID: 22856,22856
e5943fa3-d4fd-44fa-a669-251b7fadba38,b5b42f33-03b9-4223-b8d2-1d2dbfd2969f,46,BOOK-899396-855,good,borrowed,2025-07-10T11:45:00.120115+00:00,2025-07-10T11:45:00.120115+00:00,BOOK-899396-855/046/25,Imported from old system - Original BookID: 18701,18701
4a58722b-bb4a-4010-8bf7-622cc75c2217,81b0f2c8-0b88-4243-9164-73657836a16b,383,BOOK-671411-941,good,borrowed,2025-07-10T11:41:13.314966+00:00,2025-07-10T11:41:13.314966+00:00,BOOK-671411-941/383/25,Imported from old system - Original BookID: 21697,21697
2b941def-48d2-45f3-8b29-951014905fa5,6afdc1f9-4090-4137-b0c5-c12fa765530d,79,BOOK-861610-361,good,borrowed,2025-07-10T11:44:22.328651+00:00,2025-07-10T11:44:22.328651+00:00,BOOK-861610-361/079/25,Imported from old system - Original BookID: 12268,12268
8a48bc78-9e12-4ada-9d51-26313fabcb3c,e960b34d-c19d-4255-bfe3-58a714a6220d,115,BOOK-739312-480,good,borrowed,2025-07-10T11:25:40.485568+00:00,2025-07-10T11:25:40.485568+00:00,BOOK-739312-480/115/25,Imported from old system - Original BookID: 19164,19164
cce45f4b-6400-47a8-995f-237a2e108bfa,6afdc1f9-4090-4137-b0c5-c12fa765530d,606,BOOK-861610-361,good,borrowed,2025-07-10T11:44:24.450115+00:00,2025-07-10T11:44:24.450115+00:00,BOOK-861610-361/606/25,Imported from old system - Original BookID: 22601,22601
10e17adb-8213-4827-82ca-74831f9191a9,81b0f2c8-0b88-4243-9164-73657836a16b,613,BOOK-671411-941,good,borrowed,2025-07-10T11:41:14.412661+00:00,2025-07-10T11:41:14.412661+00:00,BOOK-671411-941/613/25,Imported from old system - Original BookID: 21928,21928
995a98be-89b8-4fc2-9c17-c656b39e7438,6afdc1f9-4090-4137-b0c5-c12fa765530d,543,BOOK-861610-361,good,borrowed,2025-07-10T11:44:24.081571+00:00,2025-07-10T11:44:24.081571+00:00,BOOK-861610-361/543/25,Imported from old system - Original BookID: 22538,22538
ee9b9acc-b16f-4147-b577-51ea45dee36b,380e8876-3d61-467e-85bb-ead3cc91e5e8,152,BOOK-562157-189,good,borrowed,2025-07-10T11:39:23.280262+00:00,2025-07-10T11:39:23.280262+00:00,BOOK-562157-189/152/25,Imported from old system - Original BookID: 22855,22855
a2c58ed2-b877-48b0-858d-bfb998dc44ab,6afdc1f9-4090-4137-b0c5-c12fa765530d,618,BOOK-861610-361,good,borrowed,2025-07-10T11:44:24.450115+00:00,2025-07-10T11:44:24.450115+00:00,BOOK-861610-361/618/25,Imported from old system - Original BookID: 22613,22613
c82dcd9b-5cb0-4801-b808-374607315416,b5b42f33-03b9-4223-b8d2-1d2dbfd2969f,86,BOOK-899396-855,good,borrowed,2025-07-10T11:45:00.120115+00:00,2025-07-10T11:45:00.120115+00:00,BOOK-899396-855/086/25,Imported from old system - Original BookID: 18741,18741
b112ecc4-87d1-40cc-90f7-79b72b099122,e960b34d-c19d-4255-bfe3-58a714a6220d,442,BOOK-739312-480,good,borrowed,2025-07-10T11:25:41.691373+00:00,2025-07-10T11:25:41.691373+00:00,BOOK-739312-480/442/25,Imported from old system - Original BookID: 19491,19491
905dca76-9c21-4978-a75a-962f75e3a9c4,81b0f2c8-0b88-4243-9164-73657836a16b,614,BOOK-671411-941,good,borrowed,2025-07-10T11:41:14.412661+00:00,2025-07-10T11:41:14.412661+00:00,BOOK-671411-941/614/25,Imported from old system - Original BookID: 21929,21929
5a75ac4e-13ad-43f5-a2be-5691e8f6012c,b5b42f33-03b9-4223-b8d2-1d2dbfd2969f,66,BOOK-899396-855,good,borrowed,2025-07-10T11:45:00.120115+00:00,2025-07-10T11:45:00.120115+00:00,BOOK-899396-855/066/25,Imported from old system - Original BookID: 18721,18721
5cb34cf9-87bd-45e4-97af-3f7949a20f08,81b0f2c8-0b88-4243-9164-73657836a16b,755,BOOK-671411-941,good,borrowed,2025-07-10T11:41:14.757073+00:00,2025-07-10T11:41:14.757073+00:00,BOOK-671411-941/755/25,Imported from old system - Original BookID: 22070,22070
1e6ec663-91c6-4111-9ff6-80e19cbf0bd7,e960b34d-c19d-4255-bfe3-58a714a6220d,242,BOOK-739312-480,good,borrowed,2025-07-10T11:25:40.888158+00:00,2025-07-10T11:25:40.888158+00:00,BOOK-739312-480/242/25,Imported from old system - Original BookID: 19291,19291
b2885a7b-a4f4-4834-a688-485c45302c85,81b0f2c8-0b88-4243-9164-73657836a16b,345,BOOK-671411-941,good,borrowed,2025-07-10T11:41:13.314966+00:00,2025-07-10T11:41:13.314966+00:00,BOOK-671411-941/345/25,Imported from old system - Original BookID: 21659,21659
75e51b3c-8e71-4080-85b0-7f3d360d541b,3e2f4922-d74f-4a30-bbbe-c8d8bcc9a469,1,BOOK-708966-826,good,borrowed,2025-07-10T11:08:29.617742+00:00,2025-07-10T11:08:29.617742+00:00,BOOK-708966-826/001/25,Imported from old system - Original BookID: 12543,12543
8e10e8b8-67e1-4ff4-af4e-98bfca86b504,d9ce1deb-0ee7-4a43-93d1-1bb85c1a41d6,43,BOOK-526787-765,good,borrowed,2025-07-10T11:38:47.553582+00:00,2025-07-10T11:38:47.553582+00:00,BOOK-526787-765/043/25,Imported from old system - Original BookID: 13955,13955
871143d1-792f-44fe-8262-531500fc9028,752f2a8b-9866-4f6e-99af-761f69e7f476,8,BOOK-710040-394,good,borrowed,2025-07-10T11:08:30.7487+00:00,2025-07-10T11:08:30.7487+00:00,BOOK-710040-394/008/25,Imported from old system - Original BookID: 12560,12560
b412de55-9cbf-46df-af6a-a2da17f66dce,7cfce6d9-92b5-4d21-94bd-23e921e4a6b7,44,BOOK-698616-925,good,borrowed,2025-07-10T11:08:19.364033+00:00,2025-07-10T11:08:19.364033+00:00,BOOK-698616-925/044/25,Imported from old system - Original BookID: 14374,14374
0377a476-d37f-4a1b-8161-c9043476a1b0,9933b69d-2516-48f3-8191-96d114e36523,8,BOOK-758982-494,good,borrowed,2025-07-10T11:42:39.693752+00:00,2025-07-10T11:42:39.693752+00:00,BOOK-758982-494/008/25,Imported from old system - Original BookID: 26105,26105
04be7bf2-f4c3-492d-8335-3a74bc527b04,d9e024f5-413c-455a-a73b-58ed6f7ef1ad,511,BOOK-755725-510,good,borrowed,2025-07-10T11:42:38.238311+00:00,2025-07-10T11:42:38.238311+00:00,BOOK-755725-510/511/25,Imported from old system - Original BookID: 25944,25944
baab2229-ed2d-40f3-96a1-3e0d036bb5cb,81b0f2c8-0b88-4243-9164-73657836a16b,495,BOOK-671411-941,good,borrowed,2025-07-10T11:41:13.67229+00:00,2025-07-10T11:41:13.67229+00:00,BOOK-671411-941/495/25,Imported from old system - Original BookID: 21810,21810
ecd00a11-81eb-49db-9c55-dc71824be94b,070adb14-4dc7-4bae-9e3b-15260072ad56,5,BOOK-677650-126,good,borrowed,2025-07-10T11:41:18.353676+00:00,2025-07-10T11:41:18.353676+00:00,BOOK-677650-126/005/25,Imported from old system - Original BookID: 22107,22107
44ab902e-022b-4a8e-9b39-8e66e3dbd6e6,bba000a5-1438-4c25-8f0f-d2eaab2a1d79,14,BOOK-925497-722,good,borrowed,2025-07-10T11:45:26.170247+00:00,2025-07-10T11:45:26.170247+00:00,BOOK-925497-722/014/25,Imported from old system - Original BookID: 10953,10953
07d904ae-8a51-4001-a6ad-2017342c0cb5,42041cc0-23f0-410f-97b4-0c1b1018c535,1,BOOK-359726-788,good,borrowed,2025-07-10T11:36:00.373404+00:00,2025-07-10T11:36:00.373404+00:00,BOOK-359726-788/001/25,Imported from old system - Original BookID: 14135,14135
f88a4c73-40b5-4e44-a561-5f416bcb5af6,8e253a9f-8945-430c-b777-98937a7758c2,1,BOOK-357577-999,good,borrowed,2025-07-10T11:35:58.281407+00:00,2025-07-10T11:35:58.281407+00:00,BOOK-357577-999/001/25,Imported from old system - Original BookID: 6697,6697
a3aeee6b-f87c-4dd8-9eb6-b05dd109e4e1,bba000a5-1438-4c25-8f0f-d2eaab2a1d79,10,BOOK-925497-722,good,borrowed,2025-07-10T11:45:26.170247+00:00,2025-07-10T11:45:26.170247+00:00,BOOK-925497-722/010/25,Imported from old system - Original BookID: 10949,10949
824ac9d7-7480-4585-991b-0bdc26226aae,ed4993e1-8d22-468c-a7d2-8e02e7a6618e,8,BOOK-928703-31,good,borrowed,2025-07-10T11:12:09.387329+00:00,2025-07-10T11:12:09.387329+00:00,BOOK-928703-31/008/25,Imported from old system - Original BookID: 10002,10002
f47c4d25-107c-4f58-835e-ba0c3bddadba,26ce33b4-0e1b-433e-8da4-ed55bf939c34,47,BOOK-498171-863,good,borrowed,2025-07-10T11:38:18.850051+00:00,2025-07-10T11:38:18.850051+00:00,BOOK-498171-863/047/25,Imported from old system - Original BookID: 756,756
d34f8153-02d5-4b68-9f71-79638cc60aaf,6afdc1f9-4090-4137-b0c5-c12fa765530d,37,BOOK-861610-361,good,borrowed,2025-07-10T11:44:22.328651+00:00,2025-07-10T11:44:22.328651+00:00,BOOK-861610-361/037/25,Imported from old system - Original BookID: 10495,10495
88fe7f08-789b-4ae9-88cd-21f6dd18f1c2,31c7bd58-f74f-4910-b5e9-f71299381c7a,1,BOOK-060901-911,good,borrowed,2025-07-10T11:47:41.569271+00:00,2025-07-10T11:47:41.569271+00:00,BOOK-060901-911/001/25,Imported from old system - Original BookID: 11939,11939
35dbc2f3-9658-469a-9283-4e34a1203350,81b0f2c8-0b88-4243-9164-73657836a16b,42,BOOK-671411-941,good,borrowed,2025-07-10T11:41:12.209143+00:00,2025-07-10T11:41:12.209143+00:00,BOOK-671411-941/042/25,Imported from old system - Original BookID: 4641,4641
4a2aabc1-15ab-44d2-9244-1f3f86e128fc,4a6ae2bc-e129-4bdc-a545-efc133c1b978,2,BOOK-905101-724,good,borrowed,2025-07-10T11:45:05.784093+00:00,2025-07-10T11:45:05.784093+00:00,BOOK-905101-724/002/25,Imported from old system - Original BookID: 3060,3060
948e0a5e-f8d8-4111-b916-b4e6cd326946,6afab56c-2ad6-4bf8-a1fb-e88b402e5f94,7,BOOK-676558-370,good,borrowed,2025-07-10T11:41:17.256703+00:00,2025-07-10T11:41:17.256703+00:00,BOOK-676558-370/007/25,Imported from old system - Original BookID: 12364,12364
51fd82a6-cd3d-4804-aff8-971524d8346c,6afdc1f9-4090-4137-b0c5-c12fa765530d,92,BOOK-861610-361,good,borrowed,2025-07-10T11:44:22.328651+00:00,2025-07-10T11:44:22.328651+00:00,BOOK-861610-361/092/25,Imported from old system - Original BookID: 12281,12281
57466aa0-e466-4223-bc6f-18d08aa5b299,2bb9f65a-06c8-4a4b-bad5-7740b92bec65,1,BOOK-451745-696,good,borrowed,2025-07-10T11:37:32.42662+00:00,2025-07-10T11:37:32.42662+00:00,BOOK-451745-696/001/25,Imported from old system - Original BookID: 14110,14110
e357ac0a-4f79-4cdf-8bde-80337a41bf3d,e15e54f4-4f06-41c2-a8d3-f791e5beca94,136,BOOK-331180-160,good,borrowed,2025-07-10T11:18:52.174509+00:00,2025-07-10T11:18:52.174509+00:00,BOOK-331180-160/136/25,Imported from old system - Original BookID: 3832,3832
59bd1eb5-c11c-404f-bd00-6e97a3bf2442,d1e70e6e-e6f6-4703-bdec-d56db9433fd3,6,BOOK-334870-344,good,borrowed,2025-07-10T11:18:55.579836+00:00,2025-07-10T11:18:55.579836+00:00,BOOK-334870-344/006/25,Imported from old system - Original BookID: 7140,7140
17f36ba8-60dd-40e4-836c-e721fc9c2867,91144110-9210-4154-adf3-6a2960d749cb,89,BOOK-787368-464,good,borrowed,2025-07-10T11:26:28.119959+00:00,2025-07-10T11:26:28.119959+00:00,BOOK-787368-464/089/25,Imported from old system - Original BookID: 3933,3933
b7d8b5bf-cf17-42ad-978e-096db9772d7a,e8e07c9f-5e08-4486-a0bd-e1769321aeee,941,BOOK-770725-679,good,borrowed,2025-07-10T11:26:14.958336+00:00,2025-07-10T11:26:14.958336+00:00,BOOK-770725-679/941/25,Imported from old system - Original BookID: 7509,7509
bf2403c5-0d50-488d-a76e-5d49ddfd42fa,e15e54f4-4f06-41c2-a8d3-f791e5beca94,49,BOOK-331180-160,good,borrowed,2025-07-10T11:18:51.8635+00:00,2025-07-10T11:18:51.8635+00:00,BOOK-331180-160/049/25,Imported from old system - Original BookID: 3745,3745
8bc8b4ec-a60c-44ad-9a7c-aaec35f36b14,8e0e5f25-ffe1-461b-bbfc-6018bdc2282a,42,BOOK-341389-260,good,borrowed,2025-07-10T11:19:02.100271+00:00,2025-07-10T11:19:02.100271+00:00,BOOK-341389-260/042/25,Imported from old system - Original BookID: 9683,9683
ea26f1e7-0383-419e-b021-8bb1c2892d0b,67db91f1-1765-4228-aa42-b98760ffe6f2,28,BOOK-285613-999,good,borrowed,2025-07-10T11:18:06.274858+00:00,2025-07-10T11:18:06.274858+00:00,BOOK-285613-999/028/25,Imported from old system - Original BookID: 7963,7963
98fb1d25-c137-4266-a938-817d7d83de82,67db91f1-1765-4228-aa42-b98760ffe6f2,36,BOOK-285613-999,good,borrowed,2025-07-10T11:18:06.274858+00:00,2025-07-10T11:18:06.274858+00:00,BOOK-285613-999/036/25,Imported from old system - Original BookID: 7971,7971
e35e4228-0a0d-4da2-a6a5-648713b9c01d,67db91f1-1765-4228-aa42-b98760ffe6f2,4,BOOK-285613-999,good,borrowed,2025-07-10T11:18:06.274858+00:00,2025-07-10T11:18:06.274858+00:00,BOOK-285613-999/004/25,Imported from old system - Original BookID: 7939,7939
ea62b130-622f-484a-ae98-504fbd9b2563,439e4621-f76e-4308-bce4-ab1baecb2df5,850,BOOK-776515-518,good,borrowed,2025-07-10T11:26:20.664714+00:00,2025-07-10T11:26:20.664714+00:00,BOOK-776515-518/850/25,Imported from old system - Original BookID: 8709,8709
8a4f4998-141a-40e2-a04c-ff4520b4c7d7,439e4621-f76e-4308-bce4-ab1baecb2df5,56,BOOK-776515-518,good,borrowed,2025-07-10T11:26:17.578467+00:00,2025-07-10T11:26:17.578467+00:00,BOOK-776515-518/056/25,Imported from old system - Original BookID: 8717,8717
96dbf2b5-bcdf-4ba2-9655-7b90031e21df,3cf8b827-372c-4200-ad54-8d1dd8ed060c,20,BOOK-566541-720,good,borrowed,2025-07-10T11:39:27.225819+00:00,2025-07-10T11:39:27.225819+00:00,BOOK-566541-720/020/25,Imported from old system - Original BookID: 23400,23400
61c955b1-5451-4f63-88b0-363190821130,7d7ff360-01fe-45a0-a7a1-cd598082cfe0,17,BOOK-558598-462,good,borrowed,2025-07-10T11:39:19.293639+00:00,2025-07-10T11:39:19.293639+00:00,BOOK-558598-462/017/25,Imported from old system - Original BookID: 26779,26779
b5c05fd9-202e-45c9-bfec-b70010d31bc4,1cbf5670-2b3d-4693-8ee9-9cb81a3fde7a,6,BOOK-373766-155,good,borrowed,2025-07-10T11:36:14.478605+00:00,2025-07-10T11:36:14.478605+00:00,BOOK-373766-155/006/25,Imported from old system - Original BookID: 8245,8245
c7d92e09-8aff-4d98-915e-aa6a863666f4,7cfce6d9-92b5-4d21-94bd-23e921e4a6b7,85,BOOK-698616-925,good,borrowed,2025-07-10T11:08:19.364033+00:00,2025-07-10T11:08:19.364033+00:00,BOOK-698616-925/085/25,Imported from old system - Original BookID: 14415,14415
848354a5-8b76-4bfc-861c-4a6d52c3f3b0,d55baa79-0445-4203-9b11-390c24fb8a4a,1,BOOK-287358-449,good,borrowed,2025-07-10T11:34:48.045667+00:00,2025-07-10T11:34:48.045667+00:00,BOOK-287358-449/001/25,Imported from old system - Original BookID: 14230,14230
975f5718-653d-4ef8-b57f-ef7a248dc9d2,c9566119-65b4-4a91-bd72-212549a9eb6e,87,BOOK-763967-790,good,borrowed,2025-07-10T11:09:24.750362+00:00,2025-07-10T11:09:24.750362+00:00,BOOK-763967-790/087/25,Imported from old system - Original BookID: 29220,29220
3227090f-a352-4f4f-acc5-dabdd43098d1,354aaea2-4423-4ce3-89b7-3715e74c9c94,9,BOOK-785199-539,good,borrowed,2025-07-10T11:09:45.889331+00:00,2025-07-10T11:09:45.889331+00:00,BOOK-785199-539/009/25,Imported from old system - Original BookID: 29739,29739
be156158-39d9-4217-8954-1ae92359b16a,f300972c-5fea-4acc-aa57-0807cccf4173,1,BOOK-521333-273,good,borrowed,2025-07-10T11:22:01.978785+00:00,2025-07-10T11:22:01.978785+00:00,BOOK-521333-273/001/25,Imported from old system - Original BookID: 14171,14171
15d13180-e51a-4223-adca-919b48c5588d,1341a129-b200-46bd-8869-02dfaa576078,109,BOOK-918843-423,good,borrowed,2025-07-10T11:45:19.878975+00:00,2025-07-10T11:45:19.878975+00:00,BOOK-918843-423/109/25,Imported from old system - Original BookID: 13735,13735
f86638d3-7008-4031-ba99-53301da18cc7,f9cf8fb9-e494-4d60-b1c2-8639b690d527,1,BOOK-432626-588,good,borrowed,2025-07-10T11:20:33.265294+00:00,2025-07-10T11:20:33.265294+00:00,BOOK-432626-588/001/25,Imported from old system - Original BookID: 14164,14164
f0d045da-a6b5-4b64-9f49-aa177f322437,7cfce6d9-92b5-4d21-94bd-23e921e4a6b7,35,BOOK-698616-925,good,borrowed,2025-07-10T11:08:19.364033+00:00,2025-07-10T11:08:19.364033+00:00,BOOK-698616-925/035/25,Imported from old system - Original BookID: 14365,14365
859b3ffa-5350-458d-84f4-c4312a94e07d,729f00bc-6505-4dc8-bb9e-73fddac4f232,3,BOOK-654199-456,good,borrowed,2025-07-10T11:07:34.883667+00:00,2025-07-10T11:07:34.883667+00:00,BOOK-654199-456/003/25,Imported from old system - Original BookID: 21212,21212
35ed0d36-9954-471b-8587-6d99f79d2010,25963e0e-ce2f-4c73-9f16-4422368661a0,3,BOOK-651064-920,good,borrowed,2025-07-10T11:07:31.757525+00:00,2025-07-10T11:07:31.757525+00:00,BOOK-651064-920/003/25,Imported from old system - Original BookID: 11898,11898
abd1ad47-bad4-4823-a150-4e2f47147e4e,c8b11155-1ea4-44ba-979c-28090f1f3022,2,BOOK-178711-242,good,borrowed,2025-07-10T11:49:39.398404+00:00,2025-07-10T11:49:39.398404+00:00,BOOK-178711-242/002/25,Imported from old system - Original BookID: 10968,10968
18031731-050f-4043-92bd-49f14035e3ef,f8135ed8-36b8-49ed-9392-298520ef739e,1,BOOK-085817-336,good,borrowed,2025-07-10T11:48:06.477652+00:00,2025-07-10T11:48:06.477652+00:00,BOOK-085817-336/001/25,Imported from old system - Original BookID: 27069,27069
a91a1555-5200-428b-b2ea-6e56349becf0,5590c71e-b71c-4648-a6d5-c014fb2ceec5,1,BOOK-623307-837,good,borrowed,2025-07-10T11:07:03.994481+00:00,2025-07-10T11:07:03.994481+00:00,BOOK-623307-837/001/25,Imported from old system - Original BookID: 11900,11900
e8b77c3d-8fe1-45aa-9b76-c58314a61c7b,602685a6-7ea5-4863-ba16-0861d4845aba,74,BOOK-549922-89,good,borrowed,2025-07-10T11:39:10.698902+00:00,2025-07-10T11:39:10.698902+00:00,BOOK-549922-89/074/25,Imported from old system - Original BookID: 4271,4271
61dbb966-466b-421c-9227-dac9197c0cda,c6ec84d2-6e63-4dff-8761-f80fc42779cd,1,BOOK-244158-520,good,borrowed,2025-07-10T11:50:44.793669+00:00,2025-07-10T11:50:44.793669+00:00,BOOK-244158-520/001/25,Imported from old system - Original BookID: 14150,14150
a45ef658-fe48-403f-9c4a-a9dbe9090c84,8f0d0a8b-0633-4da2-bc56-55251ad52510,15,BOOK-354872-122,good,borrowed,2025-07-10T11:52:35.638178+00:00,2025-07-10T11:52:35.638178+00:00,BOOK-354872-122/015/25,Imported from old system - Original BookID: 26824,26824
4ac5d1e1-d27e-4e5f-adfb-3206c97a2364,1ae9afbf-fb21-4f85-a0ab-2f2c4493548d,14,BOOK-517152-578,good,borrowed,2025-07-10T11:38:37.849698+00:00,2025-07-10T11:38:37.849698+00:00,BOOK-517152-578/014/25,Imported from old system - Original BookID: 2333,2333
a2d33893-91c3-4cfd-b124-a3cb4cc97836,62e45226-327e-4ed4-b129-d2167e23c630,8,BOOK-174423-98,good,borrowed,2025-07-10T11:49:35.109397+00:00,2025-07-10T11:49:35.109397+00:00,BOOK-174423-98/008/25,Imported from old system - Original BookID: 12759,12759
cf50facb-8212-48d3-b98b-07557ddd7cd4,ed277677-b0d1-4f61-b5c0-90acc1253083,14,BOOK-262499-249,good,borrowed,2025-07-10T11:51:03.184522+00:00,2025-07-10T11:51:03.184522+00:00,BOOK-262499-249/014/25,Imported from old system - Original BookID: 3421,3421
a34dc263-74de-48aa-ab8a-f85ca3958b09,cab8162d-217a-4935-ba96-aac2976f1ff5,64,BOOK-707780-561,good,borrowed,2025-07-10T11:41:48.532762+00:00,2025-07-10T11:41:48.532762+00:00,BOOK-707780-561/064/25,Imported from old system - Original BookID: 18005,18005
83ff73ab-a37d-48fc-8586-63ef1c5bdecc,a09d585a-c1c9-425f-903c-b5f386c4bfa3,27,BOOK-806076-513,good,borrowed,2025-07-10T11:10:06.771821+00:00,2025-07-10T11:10:06.771821+00:00,BOOK-806076-513/027/25,Imported from old system - Original BookID: 10848,10848
5e528ff9-4c4e-49a3-860f-516bc7687d68,df358780-6f45-47a8-8579-0655062c479b,11,BOOK-175840-19,good,borrowed,2025-07-10T11:32:56.519657+00:00,2025-07-10T11:32:56.519657+00:00,BOOK-175840-19/011/25,Imported from old system - Original BookID: 9396,9396
7f65f526-6aed-497f-9bfe-8affb6ce5b49,09026504-ca29-457b-a0a8-37b94703dcfa,42,BOOK-326219-792,good,borrowed,2025-07-10T11:52:06.933114+00:00,2025-07-10T11:52:06.933114+00:00,BOOK-326219-792/042/25,Imported from old system - Original BookID: 33524,33524
aaa880cb-605b-422e-a824-66665a660d4f,db0bda83-70ed-40b2-9836-dc58f4486967,18,BOOK-320488-349,good,borrowed,2025-07-10T11:52:01.147676+00:00,2025-07-10T11:52:01.147676+00:00,BOOK-320488-349/018/25,Imported from old system - Original BookID: 33471,33471
e2e5f020-e9ff-4aa6-a659-8f249bdaf731,6234dac3-a4c8-468c-873a-7c85e7dda1ec,3,BOOK-792927-510,good,borrowed,2025-07-10T11:09:53.594189+00:00,2025-07-10T11:09:53.594189+00:00,BOOK-792927-510/003/25,Imported from old system - Original BookID: 8547,8547
177d705d-2ca7-47ef-ad1b-6100e4ef467c,f5530edc-9fc6-47ee-aa39-cd55c33b70a1,20,BOOK-033295-169,good,borrowed,2025-07-10T11:30:33.996574+00:00,2025-07-10T11:30:33.996574+00:00,BOOK-033295-169/020/25,Imported from old system - Original BookID: 8083,8083
c2036382-d931-491e-9556-9043aa7c919b,380e8876-3d61-467e-85bb-ead3cc91e5e8,445,BOOK-562157-189,good,borrowed,2025-07-10T11:39:24.345139+00:00,2025-07-10T11:39:24.345139+00:00,BOOK-562157-189/445/25,Imported from old system - Original BookID: 23149,23149
bde961ca-e49b-4c33-9d3d-57ae81d54fdc,81b0f2c8-0b88-4243-9164-73657836a16b,296,BOOK-671411-941,good,borrowed,2025-07-10T11:41:12.969382+00:00,2025-07-10T11:41:12.969382+00:00,BOOK-671411-941/296/25,Imported from old system - Original BookID: 21610,21610
78dc817a-d534-4fbf-bc62-1c9f9c8d1d1e,e960b34d-c19d-4255-bfe3-58a714a6220d,37,BOOK-739312-480,good,borrowed,2025-07-10T11:25:40.055595+00:00,2025-07-10T11:25:40.055595+00:00,BOOK-739312-480/037/25,Imported from old system - Original BookID: 19086,19086
61268b78-ba46-416f-8161-ae40599eddbc,6afdc1f9-4090-4137-b0c5-c12fa765530d,246,BOOK-861610-361,good,borrowed,2025-07-10T11:44:23.025259+00:00,2025-07-10T11:44:23.025259+00:00,BOOK-861610-361/246/25,Imported from old system - Original BookID: 22240,22240
a0eabf2e-6167-4801-9dbe-03393ad00423,380e8876-3d61-467e-85bb-ead3cc91e5e8,432,BOOK-562157-189,good,borrowed,2025-07-10T11:39:24.345139+00:00,2025-07-10T11:39:24.345139+00:00,BOOK-562157-189/432/25,Imported from old system - Original BookID: 23136,23136
2ce9c5df-aa93-43fe-b529-29367f6ee484,e960b34d-c19d-4255-bfe3-58a714a6220d,583,BOOK-739312-480,good,borrowed,2025-07-10T11:25:42.081227+00:00,2025-07-10T11:25:42.081227+00:00,BOOK-739312-480/583/25,Imported from old system - Original BookID: 19632,19632
c3bce050-68b7-4c49-b787-e0ec4b85bc1e,81b0f2c8-0b88-4243-9164-73657836a16b,332,BOOK-671411-941,good,borrowed,2025-07-10T11:41:13.314966+00:00,2025-07-10T11:41:13.314966+00:00,BOOK-671411-941/332/25,Imported from old system - Original BookID: 21646,21646
9029529a-063e-4705-a0fd-813ac15aa3bb,6afdc1f9-4090-4137-b0c5-c12fa765530d,476,BOOK-861610-361,good,borrowed,2025-07-10T11:44:23.733713+00:00,2025-07-10T11:44:23.733713+00:00,BOOK-861610-361/476/25,Imported from old system - Original BookID: 22471,22471
7f723fcd-a50b-4508-b19e-f8858d64188a,1c28bae5-3004-479f-aa12-1f38e6239e7b,18,BOOK-734823-486,good,borrowed,2025-07-10T11:25:35.548172+00:00,2025-07-10T11:25:35.548172+00:00,BOOK-734823-486/018/25,Imported from old system - Original BookID: 12388,12388
66c2b5e2-dffc-4c7b-93f6-c037b8769121,77614473-b53e-4258-aa6a-1b5fab9d49f8,558,BOOK-760054-51,good,borrowed,2025-07-10T11:42:42.538622+00:00,2025-07-10T11:42:42.538622+00:00,BOOK-760054-51/558/25,Imported from old system - Original BookID: 27632,27632
fc341385-1a25-4579-b47f-c3630237620d,6afdc1f9-4090-4137-b0c5-c12fa765530d,465,BOOK-861610-361,good,borrowed,2025-07-10T11:44:23.733713+00:00,2025-07-10T11:44:23.733713+00:00,BOOK-861610-361/465/25,Imported from old system - Original BookID: 22460,22460
fc1e6fb6-aaec-422e-a70a-9943b50b3a3a,e960b34d-c19d-4255-bfe3-58a714a6220d,614,BOOK-739312-480,good,borrowed,2025-07-10T11:25:42.45479+00:00,2025-07-10T11:25:42.45479+00:00,BOOK-739312-480/614/25,Imported from old system - Original BookID: 19678,19678
db9a8f12-6b4d-4455-9956-184dc744c53f,e960b34d-c19d-4255-bfe3-58a714a6220d,87,BOOK-739312-480,good,borrowed,2025-07-10T11:25:40.055595+00:00,2025-07-10T11:25:40.055595+00:00,BOOK-739312-480/087/25,Imported from old system - Original BookID: 19136,19136
e7653ddd-f6c5-4280-92b9-ecaf2ddb365c,e960b34d-c19d-4255-bfe3-58a714a6220d,326,BOOK-739312-480,good,borrowed,2025-07-10T11:25:41.295004+00:00,2025-07-10T11:25:41.295004+00:00,BOOK-739312-480/326/25,Imported from old system - Original BookID: 19375,19375
f9952b79-96bb-4049-8f09-95848423a31d,380e8876-3d61-467e-85bb-ead3cc91e5e8,255,BOOK-562157-189,good,borrowed,2025-07-10T11:39:23.641542+00:00,2025-07-10T11:39:23.641542+00:00,BOOK-562157-189/255/25,Imported from old system - Original BookID: 22958,22958
5f242de0-fd29-4c1a-a01f-06e496ad89bb,6afdc1f9-4090-4137-b0c5-c12fa765530d,690,BOOK-861610-361,good,borrowed,2025-07-10T11:44:24.450115+00:00,2025-07-10T11:44:24.450115+00:00,BOOK-861610-361/690/25,Imported from old system - Original BookID: 22685,22685
34c08900-8274-4048-b7f9-876bed2e0522,380e8876-3d61-467e-85bb-ead3cc91e5e8,468,BOOK-562157-189,good,borrowed,2025-07-10T11:39:24.345139+00:00,2025-07-10T11:39:24.345139+00:00,BOOK-562157-189/468/25,Imported from old system - Original BookID: 23172,23172
0bb3f3c9-47db-4930-a96d-43a210db852c,380e8876-3d61-467e-85bb-ead3cc91e5e8,259,BOOK-562157-189,good,borrowed,2025-07-10T11:39:23.641542+00:00,2025-07-10T11:39:23.641542+00:00,BOOK-562157-189/259/25,Imported from old system - Original BookID: 22962,22962
d3994ba0-a42d-4eef-9c09-693b365360ad,e960b34d-c19d-4255-bfe3-58a714a6220d,470,BOOK-739312-480,good,borrowed,2025-07-10T11:25:41.691373+00:00,2025-07-10T11:25:41.691373+00:00,BOOK-739312-480/470/25,Imported from old system - Original BookID: 19519,19519
03924841-cbe1-4f1f-b4e4-1b57d737b9ad,81b0f2c8-0b88-4243-9164-73657836a16b,515,BOOK-671411-941,good,borrowed,2025-07-10T11:41:14.021212+00:00,2025-07-10T11:41:14.021212+00:00,BOOK-671411-941/515/25,Imported from old system - Original BookID: 21830,21830
9205b9b0-7eac-4639-b921-1ea296b6ad01,e960b34d-c19d-4255-bfe3-58a714a6220d,77,BOOK-739312-480,good,borrowed,2025-07-10T11:25:40.055595+00:00,2025-07-10T11:25:40.055595+00:00,BOOK-739312-480/077/25,Imported from old system - Original BookID: 19126,19126
9b448838-4bf3-4897-8c91-f6c04dcae5ef,380e8876-3d61-467e-85bb-ead3cc91e5e8,270,BOOK-562157-189,good,borrowed,2025-07-10T11:39:23.641542+00:00,2025-07-10T11:39:23.641542+00:00,BOOK-562157-189/270/25,Imported from old system - Original BookID: 22974,22974
cccdafbd-a31d-4348-981f-9cadd66fa913,e960b34d-c19d-4255-bfe3-58a714a6220d,177,BOOK-739312-480,good,borrowed,2025-07-10T11:25:40.485568+00:00,2025-07-10T11:25:40.485568+00:00,BOOK-739312-480/177/25,Imported from old system - Original BookID: 19226,19226
cf443b7f-031b-4f1e-a7ea-21377e034a29,81b0f2c8-0b88-4243-9164-73657836a16b,545,BOOK-671411-941,good,borrowed,2025-07-10T11:41:14.021212+00:00,2025-07-10T11:41:14.021212+00:00,BOOK-671411-941/545/25,Imported from old system - Original BookID: 21860,21860
97d38991-d057-4185-8c27-099cba02dd4d,380e8876-3d61-467e-85bb-ead3cc91e5e8,324,BOOK-562157-189,good,borrowed,2025-07-10T11:39:23.998529+00:00,2025-07-10T11:39:23.998529+00:00,BOOK-562157-189/324/25,Imported from old system - Original BookID: 23028,23028
cf4773bd-b91f-445e-962c-25eed2a18d44,380e8876-3d61-467e-85bb-ead3cc91e5e8,589,BOOK-562157-189,good,borrowed,2025-07-10T11:39:24.684135+00:00,2025-07-10T11:39:24.684135+00:00,BOOK-562157-189/589/25,Imported from old system - Original BookID: 23293,23293
1836a685-d8e6-4748-b884-1293928bb487,380e8876-3d61-467e-85bb-ead3cc91e5e8,351,BOOK-562157-189,good,borrowed,2025-07-10T11:39:23.998529+00:00,2025-07-10T11:39:23.998529+00:00,BOOK-562157-189/351/25,Imported from old system - Original BookID: 23055,23055
65eb9492-5e27-4491-a3af-77a6295c46f3,380e8876-3d61-467e-85bb-ead3cc91e5e8,362,BOOK-562157-189,good,borrowed,2025-07-10T11:39:23.998529+00:00,2025-07-10T11:39:23.998529+00:00,BOOK-562157-189/362/25,Imported from old system - Original BookID: 23066,23066
df11122f-e37b-4723-b5f7-8ba6c42b8198,380e8876-3d61-467e-85bb-ead3cc91e5e8,304,BOOK-562157-189,good,borrowed,2025-07-10T11:39:23.998529+00:00,2025-07-10T11:39:23.998529+00:00,BOOK-562157-189/304/25,Imported from old system - Original BookID: 23008,23008
42c155b6-63c5-470f-b005-e10b02bb2b10,81b0f2c8-0b88-4243-9164-73657836a16b,305,BOOK-671411-941,good,borrowed,2025-07-10T11:41:13.314966+00:00,2025-07-10T11:41:13.314966+00:00,BOOK-671411-941/305/25,Imported from old system - Original BookID: 21619,21619
646d3397-a770-4080-b6c7-1038a4b590a4,e960b34d-c19d-4255-bfe3-58a714a6220d,166,BOOK-739312-480,good,borrowed,2025-07-10T11:25:40.485568+00:00,2025-07-10T11:25:40.485568+00:00,BOOK-739312-480/166/25,Imported from old system - Original BookID: 19215,19215
2be75b81-ec9d-4c57-bab5-1474193a433f,380e8876-3d61-467e-85bb-ead3cc91e5e8,305,BOOK-562157-189,good,borrowed,2025-07-10T11:39:23.998529+00:00,2025-07-10T11:39:23.998529+00:00,BOOK-562157-189/305/25,Imported from old system - Original BookID: 23009,23009
e5950fca-7f09-44cc-8277-7c2428dbb774,8a98641f-29cf-4943-ae23-54185a9fabe2,169,BOOK-331975-200,good,borrowed,2025-07-10T11:52:13.03579+00:00,2025-07-10T11:52:13.03579+00:00,BOOK-331975-200/169/25,Imported from old system - Original BookID: 33838,33838
3bb260b6-fe65-4723-833a-cc65d5dcd4b9,380e8876-3d61-467e-85bb-ead3cc91e5e8,124,BOOK-562157-189,good,borrowed,2025-07-10T11:39:23.280262+00:00,2025-07-10T11:39:23.280262+00:00,BOOK-562157-189/124/25,Imported from old system - Original BookID: 22827,22827
87a981a6-d421-41e2-a50b-ec9b31337bac,81b0f2c8-0b88-4243-9164-73657836a16b,303,BOOK-671411-941,good,borrowed,2025-07-10T11:41:13.314966+00:00,2025-07-10T11:41:13.314966+00:00,BOOK-671411-941/303/25,Imported from old system - Original BookID: 21617,21617
c685034b-2bb4-489d-89e8-96a5cd28abc1,380e8876-3d61-467e-85bb-ead3cc91e5e8,317,BOOK-562157-189,good,borrowed,2025-07-10T11:39:23.998529+00:00,2025-07-10T11:39:23.998529+00:00,BOOK-562157-189/317/25,Imported from old system - Original BookID: 23021,23021
b3eec15f-3a5c-4968-a108-1358332e6319,380e8876-3d61-467e-85bb-ead3cc91e5e8,277,BOOK-562157-189,good,borrowed,2025-07-10T11:39:23.641542+00:00,2025-07-10T11:39:23.641542+00:00,BOOK-562157-189/277/25,Imported from old system - Original BookID: 22981,22981
49b76332-b948-42b8-992f-9fd420b7f1d2,81b0f2c8-0b88-4243-9164-73657836a16b,165,BOOK-671411-941,good,borrowed,2025-07-10T11:41:12.593442+00:00,2025-07-10T11:41:12.593442+00:00,BOOK-671411-941/165/25,Imported from old system - Original BookID: 21479,21479
2a7a8f3f-b55b-4c67-944c-340760063427,6afdc1f9-4090-4137-b0c5-c12fa765530d,569,BOOK-861610-361,good,borrowed,2025-07-10T11:44:24.081571+00:00,2025-07-10T11:44:24.081571+00:00,BOOK-861610-361/569/25,Imported from old system - Original BookID: 22564,22564
ed46a68f-0a29-40a0-8cef-9ed6d99411f3,380e8876-3d61-467e-85bb-ead3cc91e5e8,489,BOOK-562157-189,good,borrowed,2025-07-10T11:39:24.345139+00:00,2025-07-10T11:39:24.345139+00:00,BOOK-562157-189/489/25,Imported from old system - Original BookID: 23193,23193
e3d6a9d9-cb5a-4df1-b6ac-e83181bf1437,81b0f2c8-0b88-4243-9164-73657836a16b,450,BOOK-671411-941,good,borrowed,2025-07-10T11:41:13.67229+00:00,2025-07-10T11:41:13.67229+00:00,BOOK-671411-941/450/25,Imported from old system - Original BookID: 21765,21765
fe82c29f-8a12-48f6-aa0b-43f02995cef2,81b0f2c8-0b88-4243-9164-73657836a16b,293,BOOK-671411-941,good,borrowed,2025-07-10T11:41:12.969382+00:00,2025-07-10T11:41:12.969382+00:00,BOOK-671411-941/293/25,Imported from old system - Original BookID: 21607,21607
c68317dc-9a6a-4ba6-b084-8c5f74d4e1ea,380e8876-3d61-467e-85bb-ead3cc91e5e8,386,BOOK-562157-189,good,borrowed,2025-07-10T11:39:23.998529+00:00,2025-07-10T11:39:23.998529+00:00,BOOK-562157-189/386/25,Imported from old system - Original BookID: 23090,23090
2b47f0a1-fbed-41d4-8c89-e779673a70d0,e960b34d-c19d-4255-bfe3-58a714a6220d,156,BOOK-739312-480,good,borrowed,2025-07-10T11:25:40.485568+00:00,2025-07-10T11:25:40.485568+00:00,BOOK-739312-480/156/25,Imported from old system - Original BookID: 19205,19205
f098ceaa-0c5c-43ff-a6db-e51cf46a05dd,380e8876-3d61-467e-85bb-ead3cc91e5e8,216,BOOK-562157-189,good,borrowed,2025-07-10T11:39:23.641542+00:00,2025-07-10T11:39:23.641542+00:00,BOOK-562157-189/216/25,Imported from old system - Original BookID: 22919,22919
aeaf1266-60fe-4b40-87c9-bb3d27df2c84,b5b42f33-03b9-4223-b8d2-1d2dbfd2969f,83,BOOK-899396-855,good,borrowed,2025-07-10T11:45:00.120115+00:00,2025-07-10T11:45:00.120115+00:00,BOOK-899396-855/083/25,Imported from old system - Original BookID: 18738,18738
296577d4-2aeb-4bf9-9027-516214c448db,81b0f2c8-0b88-4243-9164-73657836a16b,606,BOOK-671411-941,good,borrowed,2025-07-10T11:41:14.412661+00:00,2025-07-10T11:41:14.412661+00:00,BOOK-671411-941/606/25,Imported from old system - Original BookID: 21921,21921
052c120d-b831-4e8c-89af-2a3344192e3f,e960b34d-c19d-4255-bfe3-58a714a6220d,437,BOOK-739312-480,good,borrowed,2025-07-10T11:25:41.691373+00:00,2025-07-10T11:25:41.691373+00:00,BOOK-739312-480/437/25,Imported from old system - Original BookID: 19486,19486
8cfc8153-683b-4fec-a729-310636078f2d,81b0f2c8-0b88-4243-9164-73657836a16b,327,BOOK-671411-941,good,borrowed,2025-07-10T11:41:13.314966+00:00,2025-07-10T11:41:13.314966+00:00,BOOK-671411-941/327/25,Imported from old system - Original BookID: 21641,21641
dd749dfa-11ec-4ebe-9891-2fdb10c57545,e960b34d-c19d-4255-bfe3-58a714a6220d,100,BOOK-739312-480,good,borrowed,2025-07-10T11:25:40.055595+00:00,2025-07-10T11:25:40.055595+00:00,BOOK-739312-480/100/25,Imported from old system - Original BookID: 19149,19149
30fab3a8-2665-419b-b100-bceccfdee735,81b0f2c8-0b88-4243-9164-73657836a16b,728,BOOK-671411-941,good,borrowed,2025-07-10T11:41:14.757073+00:00,2025-07-10T11:41:14.757073+00:00,BOOK-671411-941/728/25,Imported from old system - Original BookID: 22043,22043
76baec6d-b865-4075-9dad-89dbb514e473,6afdc1f9-4090-4137-b0c5-c12fa765530d,412,BOOK-861610-361,good,borrowed,2025-07-10T11:44:23.733713+00:00,2025-07-10T11:44:23.733713+00:00,BOOK-861610-361/412/25,Imported from old system - Original BookID: 22406,22406
a085789b-4bdd-4fba-9f52-2627905e4c36,e960b34d-c19d-4255-bfe3-58a714a6220d,675,BOOK-739312-480,good,borrowed,2025-07-10T11:25:42.45479+00:00,2025-07-10T11:25:42.45479+00:00,BOOK-739312-480/675/25,Imported from old system - Original BookID: 19655,19655
dd9d4ec7-d8c0-4a24-99f8-e8af4d7a3c30,81b0f2c8-0b88-4243-9164-73657836a16b,230,BOOK-671411-941,good,borrowed,2025-07-10T11:41:12.969382+00:00,2025-07-10T11:41:12.969382+00:00,BOOK-671411-941/230/25,Imported from old system - Original BookID: 21544,21544
94612b01-ce53-4b6e-9bb8-54b4aa3e7fee,e960b34d-c19d-4255-bfe3-58a714a6220d,236,BOOK-739312-480,good,borrowed,2025-07-10T11:25:40.888158+00:00,2025-07-10T11:25:40.888158+00:00,BOOK-739312-480/236/25,Imported from old system - Original BookID: 19285,19285
a4a5f24b-63eb-4fc2-866a-2ca8fdb392b6,b5b42f33-03b9-4223-b8d2-1d2dbfd2969f,102,BOOK-899396-855,good,borrowed,2025-07-10T11:45:00.512018+00:00,2025-07-10T11:45:00.512018+00:00,BOOK-899396-855/102/25,Imported from old system - Original BookID: 18757,18757
662cb536-f083-47db-90ed-13e7671d0730,e960b34d-c19d-4255-bfe3-58a714a6220d,379,BOOK-739312-480,good,borrowed,2025-07-10T11:25:41.295004+00:00,2025-07-10T11:25:41.295004+00:00,BOOK-739312-480/379/25,Imported from old system - Original BookID: 19428,19428
5e7d5deb-f8e7-4f6d-b655-8af2cbdb01ac,e960b34d-c19d-4255-bfe3-58a714a6220d,487,BOOK-739312-480,good,borrowed,2025-07-10T11:25:41.691373+00:00,2025-07-10T11:25:41.691373+00:00,BOOK-739312-480/487/25,Imported from old system - Original BookID: 19536,19536
340a2270-51d4-4c8e-b04a-e74fadff2f87,81b0f2c8-0b88-4243-9164-73657836a16b,139,BOOK-671411-941,good,borrowed,2025-07-10T11:41:12.593442+00:00,2025-07-10T11:41:12.593442+00:00,BOOK-671411-941/139/25,Imported from old system - Original BookID: 21453,21453
b3d10b93-f273-49f1-bb8a-4babb32cb7f9,81b0f2c8-0b88-4243-9164-73657836a16b,461,BOOK-671411-941,good,borrowed,2025-07-10T11:41:13.67229+00:00,2025-07-10T11:41:13.67229+00:00,BOOK-671411-941/461/25,Imported from old system - Original BookID: 21776,21776
9971d8a4-7e99-4e46-a238-acfcad49fe13,6afdc1f9-4090-4137-b0c5-c12fa765530d,156,BOOK-861610-361,good,borrowed,2025-07-10T11:44:22.696953+00:00,2025-07-10T11:44:22.696953+00:00,BOOK-861610-361/156/25,Imported from old system - Original BookID: 22150,22150
225f654d-6967-4ed4-a83e-59a41bba672f,b5b42f33-03b9-4223-b8d2-1d2dbfd2969f,180,BOOK-899396-855,good,borrowed,2025-07-10T11:45:00.512018+00:00,2025-07-10T11:45:00.512018+00:00,BOOK-899396-855/180/25,Imported from old system - Original BookID: 18835,18835
afa56add-afcb-4dde-a56a-1ec8e7bb8459,6afdc1f9-4090-4137-b0c5-c12fa765530d,474,BOOK-861610-361,good,borrowed,2025-07-10T11:44:23.733713+00:00,2025-07-10T11:44:23.733713+00:00,BOOK-861610-361/474/25,Imported from old system - Original BookID: 22469,22469
b18cc5a0-7fdb-4c64-9d61-211ddb935423,380e8876-3d61-467e-85bb-ead3cc91e5e8,603,BOOK-562157-189,good,borrowed,2025-07-10T11:39:25.465527+00:00,2025-07-10T11:39:25.465527+00:00,BOOK-562157-189/603/25,Imported from old system - Original BookID: 23307,23307
9a258307-a948-48eb-b592-9d5e5eadbfc8,81b0f2c8-0b88-4243-9164-73657836a16b,241,BOOK-671411-941,good,borrowed,2025-07-10T11:41:12.969382+00:00,2025-07-10T11:41:12.969382+00:00,BOOK-671411-941/241/25,Imported from old system - Original BookID: 21555,21555
22e781de-51db-4ad9-8df1-9b8fc9359c2b,b5b42f33-03b9-4223-b8d2-1d2dbfd2969f,147,BOOK-899396-855,good,borrowed,2025-07-10T11:45:00.512018+00:00,2025-07-10T11:45:00.512018+00:00,BOOK-899396-855/147/25,Imported from old system - Original BookID: 18802,18802
c29ca0cf-66fe-404a-a7ac-03497d35b268,81b0f2c8-0b88-4243-9164-73657836a16b,565,BOOK-671411-941,good,borrowed,2025-07-10T11:41:14.021212+00:00,2025-07-10T11:41:14.021212+00:00,BOOK-671411-941/565/25,Imported from old system - Original BookID: 21880,21880
00d31fa3-6c56-41d6-ad05-246d21a27b3e,6afdc1f9-4090-4137-b0c5-c12fa765530d,632,BOOK-861610-361,good,borrowed,2025-07-10T11:44:24.450115+00:00,2025-07-10T11:44:24.450115+00:00,BOOK-861610-361/632/25,Imported from old system - Original BookID: 22627,22627
82ac8f73-00db-4f02-aa2c-9b83db4a8e64,380e8876-3d61-467e-85bb-ead3cc91e5e8,523,BOOK-562157-189,good,borrowed,2025-07-10T11:39:24.684135+00:00,2025-07-10T11:39:24.684135+00:00,BOOK-562157-189/523/25,Imported from old system - Original BookID: 23227,23227
7688b28d-2d13-424f-b7bd-c6fd5173fac0,048a5532-fae3-4087-9759-ccad643c985c,367,BOOK-656381-193,good,borrowed,2025-07-10T11:40:58.172809+00:00,2025-07-10T11:40:58.172809+00:00,BOOK-656381-193/367/25,Imported from old system - Original BookID: 24112,24112
3f73788e-e3fa-47a5-b7c1-7339b1a7885b,380e8876-3d61-467e-85bb-ead3cc91e5e8,505,BOOK-562157-189,good,borrowed,2025-07-10T11:39:24.684135+00:00,2025-07-10T11:39:24.684135+00:00,BOOK-562157-189/505/25,Imported from old system - Original BookID: 23209,23209
d2633391-111d-4472-afaa-a87ef708385f,b5b42f33-03b9-4223-b8d2-1d2dbfd2969f,5,BOOK-899396-855,good,borrowed,2025-07-10T11:45:00.120115+00:00,2025-07-10T11:45:00.120115+00:00,BOOK-899396-855/005/25,Imported from old system - Original BookID: 18660,18660
e78788bc-2ad9-4664-bd59-b3c78eba7058,6afdc1f9-4090-4137-b0c5-c12fa765530d,331,BOOK-861610-361,good,borrowed,2025-07-10T11:44:23.354195+00:00,2025-07-10T11:44:23.354195+00:00,BOOK-861610-361/331/25,Imported from old system - Original BookID: 22325,22325
6bc6362b-bf6e-4469-87f4-e20150262644,e960b34d-c19d-4255-bfe3-58a714a6220d,629,BOOK-739312-480,good,borrowed,2025-07-10T11:25:42.45479+00:00,2025-07-10T11:25:42.45479+00:00,BOOK-739312-480/629/25,Imported from old system - Original BookID: 19693,19693
6aea801b-decc-4f21-b15c-c8aca272eea2,81b0f2c8-0b88-4243-9164-73657836a16b,527,BOOK-671411-941,good,borrowed,2025-07-10T11:41:14.021212+00:00,2025-07-10T11:41:14.021212+00:00,BOOK-671411-941/527/25,Imported from old system - Original BookID: 21842,21842
efa27d80-7633-4603-aa03-a90f12854666,6afdc1f9-4090-4137-b0c5-c12fa765530d,392,BOOK-861610-361,good,borrowed,2025-07-10T11:44:23.354195+00:00,2025-07-10T11:44:23.354195+00:00,BOOK-861610-361/392/25,Imported from old system - Original BookID: 22386,22386
5c3f091d-707c-41ea-ae0c-4d62b531ba8d,380e8876-3d61-467e-85bb-ead3cc91e5e8,612,BOOK-562157-189,good,borrowed,2025-07-10T11:39:25.465527+00:00,2025-07-10T11:39:25.465527+00:00,BOOK-562157-189/612/25,Imported from old system - Original BookID: 23316,23316
4e0ec54c-e0f0-4004-b37f-a6666145e19c,e960b34d-c19d-4255-bfe3-58a714a6220d,401,BOOK-739312-480,good,borrowed,2025-07-10T11:25:41.691373+00:00,2025-07-10T11:25:41.691373+00:00,BOOK-739312-480/401/25,Imported from old system - Original BookID: 19450,19450
f85040c3-17e0-467f-8f47-d84a36790e9e,380e8876-3d61-467e-85bb-ead3cc91e5e8,582,BOOK-562157-189,good,borrowed,2025-07-10T11:39:24.684135+00:00,2025-07-10T11:39:24.684135+00:00,BOOK-562157-189/582/25,Imported from old system - Original BookID: 23286,23286
56fe30fd-02bf-4c69-8083-31a8813a8779,81b0f2c8-0b88-4243-9164-73657836a16b,681,BOOK-671411-941,good,borrowed,2025-07-10T11:41:14.412661+00:00,2025-07-10T11:41:14.412661+00:00,BOOK-671411-941/681/25,Imported from old system - Original BookID: 21996,21996
d1d7cd83-f4d8-412f-b76d-efbc3c37df8e,6afdc1f9-4090-4137-b0c5-c12fa765530d,145,BOOK-861610-361,good,borrowed,2025-07-10T11:44:22.696953+00:00,2025-07-10T11:44:22.696953+00:00,BOOK-861610-361/145/25,Imported from old system - Original BookID: 22139,22139
017db4df-9703-444d-8094-47f8e94c4744,6afdc1f9-4090-4137-b0c5-c12fa765530d,743,BOOK-861610-361,good,borrowed,2025-07-10T11:44:24.807866+00:00,2025-07-10T11:44:24.807866+00:00,BOOK-861610-361/743/25,Imported from old system - Original BookID: 22739,22739
dfbffe91-da61-4134-a51c-be5455f6b762,81b0f2c8-0b88-4243-9164-73657836a16b,141,BOOK-671411-941,good,borrowed,2025-07-10T11:41:12.593442+00:00,2025-07-10T11:41:12.593442+00:00,BOOK-671411-941/141/25,Imported from old system - Original BookID: 21455,21455
96cc0e3a-fc4a-4aff-80b8-9db9c1b79e6d,e960b34d-c19d-4255-bfe3-58a714a6220d,10,BOOK-739312-480,good,borrowed,2025-07-10T11:25:40.055595+00:00,2025-07-10T11:25:40.055595+00:00,BOOK-739312-480/010/25,Imported from old system - Original BookID: 19059,19059
5c6ec42d-799b-4605-87d3-ea8e2f36cbac,380e8876-3d61-467e-85bb-ead3cc91e5e8,477,BOOK-562157-189,good,borrowed,2025-07-10T11:39:24.345139+00:00,2025-07-10T11:39:24.345139+00:00,BOOK-562157-189/477/25,Imported from old system - Original BookID: 23181,23181
01ea8083-a218-4787-a255-721be8f445d1,e960b34d-c19d-4255-bfe3-58a714a6220d,22,BOOK-739312-480,good,borrowed,2025-07-10T11:25:40.055595+00:00,2025-07-10T11:25:40.055595+00:00,BOOK-739312-480/022/25,Imported from old system - Original BookID: 19071,19071
ff818397-a0bf-40ed-99a9-f61bff421572,6afdc1f9-4090-4137-b0c5-c12fa765530d,727,BOOK-861610-361,good,borrowed,2025-07-10T11:44:24.807866+00:00,2025-07-10T11:44:24.807866+00:00,BOOK-861610-361/727/25,Imported from old system - Original BookID: 22723,22723
9a95d04b-dc5c-4673-98bb-da15359d8099,b5b42f33-03b9-4223-b8d2-1d2dbfd2969f,31,BOOK-899396-855,good,borrowed,2025-07-10T11:45:00.120115+00:00,2025-07-10T11:45:00.120115+00:00,BOOK-899396-855/031/25,Imported from old system - Original BookID: 18686,18686
2084929e-cc31-4086-9135-ca7384aa8915,81b0f2c8-0b88-4243-9164-73657836a16b,341,BOOK-671411-941,good,borrowed,2025-07-10T11:41:13.314966+00:00,2025-07-10T11:41:13.314966+00:00,BOOK-671411-941/341/25,Imported from old system - Original BookID: 21655,21655
05906b38-bcab-4abf-a2a8-388dc65a422d,6afdc1f9-4090-4137-b0c5-c12fa765530d,12,BOOK-861610-361,good,borrowed,2025-07-10T11:44:22.328651+00:00,2025-07-10T11:44:22.328651+00:00,BOOK-861610-361/012/25,Imported from old system - Original BookID: 10470,10470
9c0d7e6a-9c2a-4034-ba7f-d96a829fcf2c,6afdc1f9-4090-4137-b0c5-c12fa765530d,511,BOOK-861610-361,good,borrowed,2025-07-10T11:44:24.081571+00:00,2025-07-10T11:44:24.081571+00:00,BOOK-861610-361/511/25,Imported from old system - Original BookID: 22506,22506
bbd623fa-b186-41da-9a0e-dd22cfd6a677,380e8876-3d61-467e-85bb-ead3cc91e5e8,179,BOOK-562157-189,good,borrowed,2025-07-10T11:39:23.280262+00:00,2025-07-10T11:39:23.280262+00:00,BOOK-562157-189/179/25,Imported from old system - Original BookID: 22882,22882
8859156d-202f-4f13-b82c-8cdbec2e73e0,e960b34d-c19d-4255-bfe3-58a714a6220d,650,BOOK-739312-480,good,borrowed,2025-07-10T11:25:42.45479+00:00,2025-07-10T11:25:42.45479+00:00,BOOK-739312-480/650/25,Imported from old system - Original BookID: 19714,19714
1fafef2a-39f4-4383-803a-c1d565bd2f72,380e8876-3d61-467e-85bb-ead3cc91e5e8,491,BOOK-562157-189,good,borrowed,2025-07-10T11:39:24.345139+00:00,2025-07-10T11:39:24.345139+00:00,BOOK-562157-189/491/25,Imported from old system - Original BookID: 23195,23195
bfd6b532-b9d1-4b68-98f4-00d9348b158b,380e8876-3d61-467e-85bb-ead3cc91e5e8,467,BOOK-562157-189,good,borrowed,2025-07-10T11:39:24.345139+00:00,2025-07-10T11:39:24.345139+00:00,BOOK-562157-189/467/25,Imported from old system - Original BookID: 23171,23171
1c3cca13-8749-4414-ad5c-318a4f5fe8c4,e960b34d-c19d-4255-bfe3-58a714a6220d,225,BOOK-739312-480,good,borrowed,2025-07-10T11:25:40.888158+00:00,2025-07-10T11:25:40.888158+00:00,BOOK-739312-480/225/25,Imported from old system - Original BookID: 19274,19274
a56dd1ce-4a5c-4ccf-8654-9729d0bfa27d,6afdc1f9-4090-4137-b0c5-c12fa765530d,347,BOOK-861610-361,good,borrowed,2025-07-10T11:44:23.354195+00:00,2025-07-10T11:44:23.354195+00:00,BOOK-861610-361/347/25,Imported from old system - Original BookID: 22341,22341
03566b86-ec91-41ba-be83-67f12df1e96e,e960b34d-c19d-4255-bfe3-58a714a6220d,252,BOOK-739312-480,good,borrowed,2025-07-10T11:25:40.888158+00:00,2025-07-10T11:25:40.888158+00:00,BOOK-739312-480/252/25,Imported from old system - Original BookID: 19301,19301
11009498-31f7-4ab1-b899-72a2867743c1,e960b34d-c19d-4255-bfe3-58a714a6220d,459,BOOK-739312-480,good,borrowed,2025-07-10T11:25:41.691373+00:00,2025-07-10T11:25:41.691373+00:00,BOOK-739312-480/459/25,Imported from old system - Original BookID: 19508,19508
c0626053-1674-457a-8aae-7372981dba93,6afdc1f9-4090-4137-b0c5-c12fa765530d,350,BOOK-861610-361,good,borrowed,2025-07-10T11:44:23.354195+00:00,2025-07-10T11:44:23.354195+00:00,BOOK-861610-361/350/25,Imported from old system - Original BookID: 22344,22344
bcf04461-dd60-4f56-b1e5-5facc57ab2fa,b5b42f33-03b9-4223-b8d2-1d2dbfd2969f,82,BOOK-899396-855,good,borrowed,2025-07-10T11:45:00.120115+00:00,2025-07-10T11:45:00.120115+00:00,BOOK-899396-855/082/25,Imported from old system - Original BookID: 18737,18737
f553591f-90ab-4269-afa0-093dcc777019,b5b42f33-03b9-4223-b8d2-1d2dbfd2969f,62,BOOK-899396-855,good,borrowed,2025-07-10T11:45:00.120115+00:00,2025-07-10T11:45:00.120115+00:00,BOOK-899396-855/062/25,Imported from old system - Original BookID: 18717,18717
596f1082-5e39-4376-87bb-ce90ec1791c2,b5b42f33-03b9-4223-b8d2-1d2dbfd2969f,179,BOOK-899396-855,good,borrowed,2025-07-10T11:45:00.512018+00:00,2025-07-10T11:45:00.512018+00:00,BOOK-899396-855/179/25,Imported from old system - Original BookID: 18834,18834
dbbc905e-83f6-4a47-8563-90dba4a0a821,b5b42f33-03b9-4223-b8d2-1d2dbfd2969f,97,BOOK-899396-855,good,borrowed,2025-07-10T11:45:00.120115+00:00,2025-07-10T11:45:00.120115+00:00,BOOK-899396-855/097/25,Imported from old system - Original BookID: 18752,18752
aa0fb4c8-fc97-4d96-bea2-0a0c7d95d540,e960b34d-c19d-4255-bfe3-58a714a6220d,523,BOOK-739312-480,good,borrowed,2025-07-10T11:25:42.081227+00:00,2025-07-10T11:25:42.081227+00:00,BOOK-739312-480/523/25,Imported from old system - Original BookID: 19572,19572
3e626a8f-2830-47be-be56-47426628ce84,81b0f2c8-0b88-4243-9164-73657836a16b,674,BOOK-671411-941,good,borrowed,2025-07-10T11:41:14.412661+00:00,2025-07-10T11:41:14.412661+00:00,BOOK-671411-941/674/25,Imported from old system - Original BookID: 21989,21989
5daa19aa-9837-48b3-9231-90e717cd4214,752f2a8b-9866-4f6e-99af-761f69e7f476,3,BOOK-710040-394,good,borrowed,2025-07-10T11:08:30.7487+00:00,2025-07-10T11:08:30.7487+00:00,BOOK-710040-394/003/25,Imported from old system - Original BookID: 12555,12555
125d00a2-6c80-430f-9753-aa8994f553a0,d34ea4e5-c21d-47dc-ad16-d50c19332ecc,2,BOOK-828006-742,good,borrowed,2025-07-10T11:27:08.703397+00:00,2025-07-10T11:27:08.703397+00:00,BOOK-828006-742/002/25,Imported from old system - Original BookID: 21228,21228
bbd224ef-c150-4477-bb1b-b6511ebe5677,f98ddde0-d568-4796-8002-a7b954b9bb8c,24,BOOK-327223-840,good,borrowed,2025-07-10T11:05:20.683596+00:00,2025-07-10T11:05:20.683596+00:00,BOOK-327223-840/024/25,Imported from old system - Original BookID: 2473,2473
3d66a699-3ada-4eb8-9515-da62e573ab47,8c42639e-a76d-4008-a2bb-3cd61656670d,39,BOOK-055746-557,good,borrowed,2025-07-10T11:47:36.514366+00:00,2025-07-10T11:47:36.514366+00:00,BOOK-055746-557/039/25,Imported from old system - Original BookID: 32930,32930
c696b294-c308-49b9-a574-1202e7d32c4e,331e2bd0-0811-4cac-95b4-c2f4464f34a6,30,BOOK-819156-271,good,borrowed,2025-07-10T11:10:19.840268+00:00,2025-07-10T11:10:19.840268+00:00,BOOK-819156-271/030/25,Imported from old system - Original BookID: 11807,11807
afb3a2a5-5007-4d0f-943b-b461d221032a,4a5036c2-efaf-4607-9bb7-fe71649f261e,6,BOOK-063082-29,good,borrowed,2025-07-10T11:47:43.758625+00:00,2025-07-10T11:47:43.758625+00:00,BOOK-063082-29/006/25,Imported from old system - Original BookID: 11219,11219
6198238e-1580-4537-af92-48841af7033f,f98ddde0-d568-4796-8002-a7b954b9bb8c,270,BOOK-327223-840,good,borrowed,2025-07-10T11:05:21.461348+00:00,2025-07-10T11:05:21.461348+00:00,BOOK-327223-840/270/25,Imported from old system - Original BookID: 13503,13503
2d1d388b-3d13-4a86-a7f5-4dbadd282686,f485c52c-210a-48d3-a592-e9eba349851b,8,BOOK-158348-646,good,borrowed,2025-07-10T11:49:19.064282+00:00,2025-07-10T11:49:19.064282+00:00,BOOK-158348-646/008/25,Imported from old system - Original BookID: 10032,10032
59c3b34c-0c94-4d03-9d06-ea1dacc14728,81cf0319-665e-4572-8320-1061b0261ed1,50,BOOK-999857-727,good,borrowed,2025-07-10T11:30:00.598618+00:00,2025-07-10T11:30:00.598618+00:00,BOOK-999857-727/050/25,Imported from old system - Original BookID: 4327,4327
f32ea7e0-9ca7-4105-81bd-de5b0a831c6d,4e470830-f4d8-49f4-8e4e-d5b6f34f3c44,4,BOOK-792903-535,good,borrowed,2025-07-10T11:43:13.604355+00:00,2025-07-10T11:43:13.604355+00:00,BOOK-792903-535/004/25,Imported from old system - Original BookID: 13974,13974
b91c5708-4614-4a0c-a85e-4f3e686c3d43,53633c8a-4a57-44c4-bd8e-82971792d74d,10,BOOK-040809-85,good,borrowed,2025-07-10T11:14:01.456533+00:00,2025-07-10T11:14:01.456533+00:00,BOOK-040809-85/010/25,Imported from old system - Original BookID: 2009,2009
e1bd594e-7acc-4940-ac07-a0645f87678c,b5b42f33-03b9-4223-b8d2-1d2dbfd2969f,7,BOOK-899396-855,good,borrowed,2025-07-10T11:45:00.120115+00:00,2025-07-10T11:45:00.120115+00:00,BOOK-899396-855/007/25,Imported from old system - Original BookID: 18662,18662
9f8c2c12-d199-4b46-bc9b-e462ec2f5073,319bf79c-0887-4a52-8371-1581a1299a18,14,BOOK-049467-148,good,borrowed,2025-07-10T11:14:10.15251+00:00,2025-07-10T11:14:10.15251+00:00,BOOK-049467-148/014/25,Imported from old system - Original BookID: 5324,5324
cf8a6689-b9ec-4032-8ffc-3167e4621da9,422fef82-0ff6-4ad6-9608-e1baa197cc10,1,BOOK-304541-200,good,borrowed,2025-07-10T11:51:45.159155+00:00,2025-07-10T11:51:45.159155+00:00,BOOK-304541-200/001/25,Imported from old system - Original BookID: 5828,5828
ee934bbd-9096-479e-927e-50a9093d0a47,9c007381-a0e8-43ce-98ea-d4a14822d484,43,BOOK-926412-349,good,borrowed,2025-07-10T11:28:47.156247+00:00,2025-07-10T11:28:47.156247+00:00,BOOK-926412-349/043/25,Imported from old system - Original BookID: 6024,6024
2daf03e0-eeaa-4eb3-9053-ee26580acd47,4a5036c2-efaf-4607-9bb7-fe71649f261e,7,BOOK-063082-29,good,borrowed,2025-07-10T11:47:43.758625+00:00,2025-07-10T11:47:43.758625+00:00,BOOK-063082-29/007/25,Imported from old system - Original BookID: 11220,11220
5c75f717-b5d8-4bff-b2a1-0893a4a3375f,f2b57b52-e864-4772-ac7a-e995fd406322,24,BOOK-979632-809,good,borrowed,2025-07-10T11:46:20.309308+00:00,2025-07-10T11:46:20.309308+00:00,BOOK-979632-809/024/25,Imported from old system - Original BookID: 12606,12606
ed8fd526-2a79-4aff-a7d4-2dd0766172f7,2b8569ae-4acc-429e-83bf-5621ea7223c3,213,BOOK-795686-571,good,borrowed,2025-07-10T11:43:17.122509+00:00,2025-07-10T11:43:17.122509+00:00,BOOK-795686-571/213/25,Imported from old system - Original BookID: 36110,36110
a8988d5f-54d5-4256-bb89-236903f2c977,c71a5dcd-b6b3-4fb8-83cb-8a03aedf457c,24,BOOK-275287-443,good,borrowed,2025-07-10T11:51:16.042708+00:00,2025-07-10T11:51:16.042708+00:00,BOOK-275287-443/024/25,Imported from old system - Original BookID: 21282,21282
93e41892-2f79-4cf9-b8dc-fdffc647700a,3cc1dcaa-a29f-42be-9442-1ea5adc71371,23,BOOK-486848-626,good,borrowed,2025-07-10T11:21:27.537086+00:00,2025-07-10T11:21:27.537086+00:00,BOOK-486848-626/023/25,Imported from old system - Original BookID: 8522,8522
8bdf9561-76a6-41e2-9292-cdde31587d16,ddd40fac-de1e-4215-a066-b926173b5479,32,BOOK-559679-896,good,borrowed,2025-07-10T11:39:20.448676+00:00,2025-07-10T11:39:20.448676+00:00,BOOK-559679-896/032/25,Imported from old system - Original BookID: 8412,8412
fb28b62a-799e-4b1f-8ad6-5bc36d5c245d,7cfce6d9-92b5-4d21-94bd-23e921e4a6b7,32,BOOK-698616-925,good,borrowed,2025-07-10T11:08:19.364033+00:00,2025-07-10T11:08:19.364033+00:00,BOOK-698616-925/032/25,Imported from old system - Original BookID: 14362,14362
106ede67-1967-4d25-8377-c9607dcfa777,7cfce6d9-92b5-4d21-94bd-23e921e4a6b7,14,BOOK-698616-925,good,borrowed,2025-07-10T11:08:19.364033+00:00,2025-07-10T11:08:19.364033+00:00,BOOK-698616-925/014/25,Imported from old system - Original BookID: 14344,14344
884eecd4-5d9b-443e-b277-6d84693b5898,96712160-35a8-48fa-b6f1-39617e5a5395,11,BOOK-075708-63,good,borrowed,2025-07-10T11:31:16.447333+00:00,2025-07-10T11:31:16.447333+00:00,BOOK-075708-63/011/25,Imported from old system - Original BookID: 4709,4709
f3f79cfd-792f-489f-93bc-fa6c3e8c5918,7cfce6d9-92b5-4d21-94bd-23e921e4a6b7,17,BOOK-698616-925,good,borrowed,2025-07-10T11:08:19.364033+00:00,2025-07-10T11:08:19.364033+00:00,BOOK-698616-925/017/25,Imported from old system - Original BookID: 14347,14347
60b00833-bafd-434c-a825-dfdc44a8c0c9,c71a5dcd-b6b3-4fb8-83cb-8a03aedf457c,42,BOOK-275287-443,good,borrowed,2025-07-10T11:51:16.042708+00:00,2025-07-10T11:51:16.042708+00:00,BOOK-275287-443/042/25,Imported from old system - Original BookID: 21300,21300
67db8305-5209-4f68-9f78-0dce9b5b545e,439e4621-f76e-4308-bce4-ab1baecb2df5,901,BOOK-776515-518,good,borrowed,2025-07-10T11:26:21.007205+00:00,2025-07-10T11:26:21.007205+00:00,BOOK-776515-518/901/25,Imported from old system - Original BookID: 29089,29089
010a4c5c-c84a-460e-937a-2efd5d832d13,f9683f25-e061-47fa-928e-9b28f144fa1e,1,BOOK-499437-824,good,borrowed,2025-07-10T11:21:40.083544+00:00,2025-07-10T11:21:40.083544+00:00,BOOK-499437-824/001/25,Imported from old system - Original BookID: 3477,3477
f8290e05-5aaf-4283-a4af-c3a60451eb59,268a9414-a74e-4023-82f7-288c126e4424,11,BOOK-102818-797,good,borrowed,2025-07-10T11:15:03.555244+00:00,2025-07-10T11:15:03.555244+00:00,BOOK-102818-797/011/25,Imported from old system - Original BookID: 565,565
cf6ccd1e-0bad-4020-8bd1-539cda201a7a,34851ad3-2415-4277-9431-5c9db99b25f6,1,BOOK-084719-803,good,borrowed,2025-07-10T11:48:05.414172+00:00,2025-07-10T11:48:05.414172+00:00,BOOK-084719-803/001/25,Imported from old system - Original BookID: 27059,27059
fc1cd841-3745-456b-ad0a-00854e3d3717,c71a5dcd-b6b3-4fb8-83cb-8a03aedf457c,33,BOOK-275287-443,good,borrowed,2025-07-10T11:51:16.042708+00:00,2025-07-10T11:51:16.042708+00:00,BOOK-275287-443/033/25,Imported from old system - Original BookID: 21291,21291
be025fd0-e0d2-4f51-9f9c-01dc95f62287,065ff10a-d32d-4650-b38d-301003ad7db4,2,BOOK-706391-101,good,borrowed,2025-07-10T11:25:07.062282+00:00,2025-07-10T11:25:07.062282+00:00,BOOK-706391-101/002/25,Imported from old system - Original BookID: 30434,30434
9534690a-5f21-4f72-9e7a-2a53da0e3770,a5cfc447-c987-496d-ae77-1f32c3512b55,13,BOOK-810584-424,good,borrowed,2025-07-10T11:10:11.358412+00:00,2025-07-10T11:10:11.358412+00:00,BOOK-810584-424/013/25,Imported from old system - Original BookID: 10864,10864
f5956365-6794-4e47-95df-46b93a7b88cc,d60ace53-260d-4974-9e07-a398b999cd11,1,BOOK-836769-565,good,borrowed,2025-07-10T11:27:17.504915+00:00,2025-07-10T11:27:17.504915+00:00,BOOK-836769-565/001/25,Imported from old system - Original BookID: 9010,9010
5610b7c1-bcdc-477c-aef9-2c7f7cd79d9f,7e33e660-0f68-491f-b3f5-f825c9b7da2f,4,BOOK-308701-309,good,borrowed,2025-07-10T11:51:49.316286+00:00,2025-07-10T11:51:49.316286+00:00,BOOK-308701-309/004/25,Imported from old system - Original BookID: 11363,11363
7434fbed-961c-4d15-9759-cffa2adfd8bf,a09d585a-c1c9-425f-903c-b5f386c4bfa3,26,BOOK-806076-513,good,borrowed,2025-07-10T11:10:06.771821+00:00,2025-07-10T11:10:06.771821+00:00,BOOK-806076-513/026/25,Imported from old system - Original BookID: 10847,10847
24e73b07-9cc9-4ae2-852b-7c3dc328b119,f2b57b52-e864-4772-ac7a-e995fd406322,19,BOOK-979632-809,good,borrowed,2025-07-10T11:46:20.309308+00:00,2025-07-10T11:46:20.309308+00:00,BOOK-979632-809/019/25,Imported from old system - Original BookID: 12601,12601
3423fe25-cf89-4ec3-ad03-1185b6e11f9e,7a4e6205-84f1-47b4-a1ba-72ded539df82,10,BOOK-566621-450,good,borrowed,2025-07-10T11:22:47.371469+00:00,2025-07-10T11:22:47.371469+00:00,BOOK-566621-450/010/25,Imported from old system - Original BookID: 6711,6711
8d996fe0-e94a-45d8-bd03-5dc61248798b,a1afbdc3-1d01-4363-a618-70c81107117a,1,BOOK-471447-587,good,borrowed,2025-07-10T11:37:52.138985+00:00,2025-07-10T11:37:52.138985+00:00,BOOK-471447-587/001/25,Imported from old system - Original BookID: 3483,3483
ce604cf9-3818-4801-a568-ac2780854f1a,3f0954db-c7a0-433d-aaf6-15198881afca,10,BOOK-707850-279,good,borrowed,2025-07-10T11:08:28.569409+00:00,2025-07-10T11:08:28.569409+00:00,BOOK-707850-279/010/25,Imported from old system - Original BookID: 12542,12542
543a9521-35c4-4e8f-9276-c507991c1403,c71a5dcd-b6b3-4fb8-83cb-8a03aedf457c,92,BOOK-275287-443,good,borrowed,2025-07-10T11:51:16.042708+00:00,2025-07-10T11:51:16.042708+00:00,BOOK-275287-443/092/25,Imported from old system - Original BookID: 21350,21350
0f6659c7-8625-4b77-8e6e-b9ee1a432f98,271d1967-20e1-44c0-8b03-7a9cf88a3e05,421,BOOK-663158-896,good,borrowed,2025-07-10T11:41:05.319572+00:00,2025-07-10T11:41:05.319572+00:00,BOOK-663158-896/421/25,Imported from old system - Original BookID: 28073,28073
5d0b89ed-1d5a-4fba-9826-0ff38e343926,9b655fa1-2d3d-4de4-937c-239e307f3cc2,4,BOOK-966633-13,good,borrowed,2025-07-10T11:12:47.407741+00:00,2025-07-10T11:12:47.407741+00:00,BOOK-966633-13/004/25,Imported from old system - Original BookID: 16818,16818
dc6edda1-c9da-40a2-a676-ea6c8ab74342,8eb8a9a1-ece9-4aaa-adc4-620585510d2a,332,BOOK-849487-485,good,borrowed,2025-07-10T11:44:11.305541+00:00,2025-07-10T11:44:11.305541+00:00,BOOK-849487-485/332/25,Imported from old system - Original BookID: 12114,12114
0d47a8a3-6ad2-4e60-a89c-d7d7e8c950d0,9b655fa1-2d3d-4de4-937c-239e307f3cc2,303,BOOK-966633-13,good,borrowed,2025-07-10T11:12:48.4822+00:00,2025-07-10T11:12:48.4822+00:00,BOOK-966633-13/303/25,Imported from old system - Original BookID: 17117,17117
3eb75afe-1af6-4087-921d-ac68f5f320aa,e29f7622-c658-4b09-88e5-f20b2bdfb377,143,BOOK-554638-681,good,borrowed,2025-07-10T11:39:15.697954+00:00,2025-07-10T11:39:15.697954+00:00,BOOK-554638-681/143/25,Imported from old system - Original BookID: 26128,26128
bb28281a-f870-46eb-82ea-1dfaae38b920,bba000a5-1438-4c25-8f0f-d2eaab2a1d79,27,BOOK-925497-722,good,borrowed,2025-07-10T11:45:26.170247+00:00,2025-07-10T11:45:26.170247+00:00,BOOK-925497-722/027/25,Imported from old system - Original BookID: 13801,13801
0afca0ff-937e-43d3-90f0-ba2772dbaae5,ddd40fac-de1e-4215-a066-b926173b5479,39,BOOK-559679-896,good,borrowed,2025-07-10T11:39:20.448676+00:00,2025-07-10T11:39:20.448676+00:00,BOOK-559679-896/039/25,Imported from old system - Original BookID: 8419,8419
2ad9952e-d9c6-461a-b8e6-9ef538771d16,fadcce8f-a0ea-4a4c-9cee-a39b523d8060,232,BOOK-580726-548,good,borrowed,2025-07-10T11:39:42.238747+00:00,2025-07-10T11:39:42.238747+00:00,BOOK-580726-548/232/25,Imported from old system - Original BookID: 14878,14878
1e0f357b-234c-4626-a947-74c5def217d4,e105c1b1-e5fd-40bc-9e30-496e67287e73,225,BOOK-968886-246,good,borrowed,2025-07-10T11:12:50.329598+00:00,2025-07-10T11:12:50.329598+00:00,BOOK-968886-246/225/25,Imported from old system - Original BookID: 17359,17359
33f4e87e-d7ee-40f8-a73c-1e71d00e69d5,81626a7d-8902-4a90-8653-e58a786b7f43,189,BOOK-214252-95,good,borrowed,2025-07-10T11:16:55.291357+00:00,2025-07-10T11:16:55.291357+00:00,BOOK-214252-95/189/25,Imported from old system - Original BookID: 32447,32447
a5436c1a-44bc-462e-a951-ead9898bbb15,9b655fa1-2d3d-4de4-937c-239e307f3cc2,301,BOOK-966633-13,good,borrowed,2025-07-10T11:12:48.4822+00:00,2025-07-10T11:12:48.4822+00:00,BOOK-966633-13/301/25,Imported from old system - Original BookID: 17115,17115
6bed362d-5268-4053-ba1d-6a0693d5bcf9,7cfce6d9-92b5-4d21-94bd-23e921e4a6b7,56,BOOK-698616-925,good,borrowed,2025-07-10T11:08:19.364033+00:00,2025-07-10T11:08:19.364033+00:00,BOOK-698616-925/056/25,Imported from old system - Original BookID: 14386,14386
2ae8085d-fcd7-4dec-96f4-b67c3ffa9de3,3b9a0b1a-5dc3-4d75-b804-9194258c7c59,4,BOOK-841178-631,good,borrowed,2025-07-10T11:27:21.896652+00:00,2025-07-10T11:27:21.896652+00:00,BOOK-841178-631/004/25,Imported from old system - Original BookID: 14065,14065
fc6f87e6-f87a-43f3-b743-d1667dbdae7b,1616300e-29a2-44bd-9201-22a4ca84e4f2,13,BOOK-638483-698,good,borrowed,2025-07-10T11:23:59.219737+00:00,2025-07-10T11:23:59.219737+00:00,BOOK-638483-698/013/25,Imported from old system - Original BookID: 10584,10584
5b5f38c3-d9bf-4c7a-9115-cff129250072,3b9a0b1a-5dc3-4d75-b804-9194258c7c59,3,BOOK-841178-631,good,borrowed,2025-07-10T11:27:21.896652+00:00,2025-07-10T11:27:21.896652+00:00,BOOK-841178-631/003/25,Imported from old system - Original BookID: 14064,14064
bfd550d7-a556-4a5b-af69-097519f35dac,2a71067e-b817-4fbf-9d74-5a72e2f670b8,51,BOOK-786499-324,good,borrowed,2025-07-10T11:43:07.207676+00:00,2025-07-10T11:43:07.207676+00:00,BOOK-786499-324/051/25,Imported from old system - Original BookID: 34123,34123
6ba3cfa6-5b06-4b07-be5b-cfe3f096c04f,81626a7d-8902-4a90-8653-e58a786b7f43,586,BOOK-214252-95,good,borrowed,2025-07-10T11:16:56.679818+00:00,2025-07-10T11:16:56.679818+00:00,BOOK-214252-95/586/25,Imported from old system - Original BookID: 32844,32844
e0cb3051-a5a5-47dd-bcbd-6e7e4e1bca88,f2b57b52-e864-4772-ac7a-e995fd406322,4,BOOK-979632-809,good,borrowed,2025-07-10T11:46:20.309308+00:00,2025-07-10T11:46:20.309308+00:00,BOOK-979632-809/004/25,Imported from old system - Original BookID: 12586,12586
821d2adc-c341-4aaf-840f-8183b30686d0,81626a7d-8902-4a90-8653-e58a786b7f43,30,BOOK-214252-95,good,borrowed,2025-07-10T11:16:54.965784+00:00,2025-07-10T11:16:54.965784+00:00,BOOK-214252-95/030/25,Imported from old system - Original BookID: 32265,32265
8d80c4ab-8d21-400a-acf2-01dbb35ffa6c,1341a129-b200-46bd-8869-02dfaa576078,62,BOOK-918843-423,good,borrowed,2025-07-10T11:45:19.592201+00:00,2025-07-10T11:45:19.592201+00:00,BOOK-918843-423/062/25,Imported from old system - Original BookID: 6560,6560
a6860dba-6694-434d-892d-182dc532cf5d,6bf5b60c-f771-484d-ada6-fa07ba4d925e,20,BOOK-986055-627,good,borrowed,2025-07-10T11:46:26.72459+00:00,2025-07-10T11:46:26.72459+00:00,BOOK-986055-627/020/25,Imported from old system - Original BookID: 12642,12642
249886aa-57f2-460a-8f5c-b0b3f37bc189,6bf5b60c-f771-484d-ada6-fa07ba4d925e,19,BOOK-986055-627,good,borrowed,2025-07-10T11:46:26.72459+00:00,2025-07-10T11:46:26.72459+00:00,BOOK-986055-627/019/25,Imported from old system - Original BookID: 12641,12641
2e3b6a9b-5999-41e1-9e88-3e99f679c0a3,271d1967-20e1-44c0-8b03-7a9cf88a3e05,33,BOOK-663158-896,good,borrowed,2025-07-10T11:41:03.869533+00:00,2025-07-10T11:41:03.869533+00:00,BOOK-663158-896/033/25,Imported from old system - Original BookID: 1336,1336
682dfd0b-da48-45a9-8680-464141572dff,5c553da2-a091-4cb8-9e0d-b76342e90683,12,BOOK-995045-793,good,borrowed,2025-07-10T11:46:35.741371+00:00,2025-07-10T11:46:35.741371+00:00,BOOK-995045-793/012/25,Imported from old system - Original BookID: 10176,10176
6802ea79-372b-4d12-905c-5e5fc018bac1,6bf5b60c-f771-484d-ada6-fa07ba4d925e,24,BOOK-986055-627,good,borrowed,2025-07-10T11:46:26.72459+00:00,2025-07-10T11:46:26.72459+00:00,BOOK-986055-627/024/25,Imported from old system - Original BookID: 12646,12646
03d73807-feb0-427f-91e1-4eca9eae8de7,7cfce6d9-92b5-4d21-94bd-23e921e4a6b7,23,BOOK-698616-925,good,borrowed,2025-07-10T11:08:19.364033+00:00,2025-07-10T11:08:19.364033+00:00,BOOK-698616-925/023/25,Imported from old system - Original BookID: 14353,14353
00e5ced9-7721-4b2d-8ea2-b15dcf0e254c,0014782f-b474-44f7-8b69-fa6859fc4092,14,BOOK-540207-703,good,borrowed,2025-07-10T11:39:00.86126+00:00,2025-07-10T11:39:00.86126+00:00,BOOK-540207-703/014/25,Imported from old system - Original BookID: 1373,1373
037b62cc-a60d-4702-b606-93d7bc62654e,7e90b00c-e675-4c87-a47e-55733ad48f1e,5,BOOK-173652-821,good,borrowed,2025-07-10T11:16:14.547379+00:00,2025-07-10T11:16:14.547379+00:00,BOOK-173652-821/005/25,Imported from old system - Original BookID: 21246,21246
a10ebe75-e6c4-4ad4-a688-d2b5ea9cfaea,271d1967-20e1-44c0-8b03-7a9cf88a3e05,494,BOOK-663158-896,good,borrowed,2025-07-10T11:41:05.319572+00:00,2025-07-10T11:41:05.319572+00:00,BOOK-663158-896/494/25,Imported from old system - Original BookID: 28146,28146
5ea3f464-fe6e-422b-b867-181796d72007,72c522a2-024d-46ed-9856-9e1a07ba6851,7,BOOK-383686-823,good,borrowed,2025-07-10T11:19:44.387891+00:00,2025-07-10T11:19:44.387891+00:00,BOOK-383686-823/007/25,Imported from old system - Original BookID: 4857,4857
410fe7e5-bb04-4ac9-bac1-9662fa00a42e,7cfce6d9-92b5-4d21-94bd-23e921e4a6b7,52,BOOK-698616-925,good,borrowed,2025-07-10T11:08:19.364033+00:00,2025-07-10T11:08:19.364033+00:00,BOOK-698616-925/052/25,Imported from old system - Original BookID: 14382,14382
b839c3ac-457b-4ef3-943e-cd2f870d6a1c,a92db592-a5fb-4c11-b738-22a42a7d1e1f,1,BOOK-570369-37,good,borrowed,2025-07-10T11:06:11.079028+00:00,2025-07-10T11:06:11.079028+00:00,BOOK-570369-37/001/25,Imported from old system - Original BookID: 14010,14010
ac9223f3-b2ac-440e-8079-e24dff129de7,69b21ade-5bfe-4f5a-a7ff-d1d60d3c15d3,37,BOOK-253880-170,good,borrowed,2025-07-10T11:17:34.546504+00:00,2025-07-10T11:17:34.546504+00:00,BOOK-253880-170/037/25,Imported from old system - Original BookID: 50384,50384
c4868f8d-9822-46d6-af0e-5de0f58bbc97,f4560ca2-0b68-4e16-be12-f452b6d474f6,1,BOOK-719413-142,good,borrowed,2025-07-10T11:25:20.131531+00:00,2025-07-10T11:25:20.131531+00:00,BOOK-719413-142/001/25,Imported from old system - Original BookID: 14291,14291
afb5e418-cedb-4a62-a90d-71c331f3784f,69b21ade-5bfe-4f5a-a7ff-d1d60d3c15d3,30,BOOK-253880-170,good,borrowed,2025-07-10T11:17:34.546504+00:00,2025-07-10T11:17:34.546504+00:00,BOOK-253880-170/030/25,Imported from old system - Original BookID: 50377,50377
892fd003-3d49-4be3-9565-0d5ef7bca120,d98bc545-6ff2-42c8-a3b6-0adfd3c66dc9,15,BOOK-484706-216,good,borrowed,2025-07-10T11:21:25.365729+00:00,2025-07-10T11:21:25.365729+00:00,BOOK-484706-216/015/25,Imported from old system - Original BookID: 2185,2185
ace55f60-2037-407a-8224-3817ac53c03a,dc5587c2-21d4-4fd6-8f1f-9c955e5a6cb6,5,BOOK-154106-96,good,borrowed,2025-07-10T11:49:14.793537+00:00,2025-07-10T11:49:14.793537+00:00,BOOK-154106-96/005/25,Imported from old system - Original BookID: 50331,50331
1230f0da-d553-4858-a05d-519fc0e6c1f2,69b21ade-5bfe-4f5a-a7ff-d1d60d3c15d3,23,BOOK-253880-170,good,borrowed,2025-07-10T11:17:34.546504+00:00,2025-07-10T11:17:34.546504+00:00,BOOK-253880-170/023/25,Imported from old system - Original BookID: 50370,50370
21cc59d9-ec7e-49f3-af3b-d2dc35a870de,ea1f2087-7d4e-4273-ba8a-43d0ab55357e,19,BOOK-366022-206,good,borrowed,2025-07-10T11:36:06.73856+00:00,2025-07-10T11:36:06.73856+00:00,BOOK-366022-206/019/25,Imported from old system - Original BookID: 46039,46039
9253eae7-d3ff-467c-924a-88f7b803639c,ea1f2087-7d4e-4273-ba8a-43d0ab55357e,17,BOOK-366022-206,good,borrowed,2025-07-10T11:36:06.73856+00:00,2025-07-10T11:36:06.73856+00:00,BOOK-366022-206/017/25,Imported from old system - Original BookID: 46037,46037
b846ab2b-af18-409c-9536-5485c0cb6ff9,ea1f2087-7d4e-4273-ba8a-43d0ab55357e,2,BOOK-366022-206,good,borrowed,2025-07-10T11:36:06.73856+00:00,2025-07-10T11:36:06.73856+00:00,BOOK-366022-206/002/25,Imported from old system - Original BookID: 46022,46022
547da49e-3b7b-4322-a21e-3d9604878051,61e8a082-7892-48f0-89f5-fe8501eda314,14,BOOK-396313-615,good,borrowed,2025-07-10T11:36:37.012004+00:00,2025-07-10T11:36:37.012004+00:00,BOOK-396313-615/014/25,Imported from old system - Original BookID: 10725,10725
761a10b3-6b12-4e7c-b7c5-6811f52ba58c,7ce06c15-7d32-4cad-a953-70db00fe0792,13,BOOK-900979-111,good,borrowed,2025-07-10T11:11:41.727365+00:00,2025-07-10T11:11:41.727365+00:00,BOOK-900979-111/013/25,Imported from old system - Original BookID: 3286,3286
60040162-d494-41f5-a78c-393e1a9ede15,fda5892b-6545-44bf-b785-460787c31874,19,BOOK-425565-11,good,borrowed,2025-07-10T11:20:26.243655+00:00,2025-07-10T11:20:26.243655+00:00,BOOK-425565-11/019/25,Imported from old system - Original BookID: 6622,6622
62da5125-f5b2-4eaa-8849-1250f4978a1d,e29f7622-c658-4b09-88e5-f20b2bdfb377,146,BOOK-554638-681,good,borrowed,2025-07-10T11:39:15.697954+00:00,2025-07-10T11:39:15.697954+00:00,BOOK-554638-681/146/25,Imported from old system - Original BookID: 26131,26131
7c54c04c-eb98-42ae-bf71-775f9e1b906e,311388ac-e6b5-4b61-9836-f1452e66b0af,179,BOOK-709615-268,good,borrowed,2025-07-10T11:41:50.696766+00:00,2025-07-10T11:41:50.696766+00:00,BOOK-709615-268/179/25,Imported from old system - Original BookID: 45149,45149
31989288-2b20-40c4-b692-bafa549f6ab6,1a50a877-eb50-4b19-858d-ca873d2a8355,96,BOOK-585081-826,good,borrowed,2025-07-10T11:39:45.765174+00:00,2025-07-10T11:39:45.765174+00:00,BOOK-585081-826/096/25,Imported from old system - Original BookID: 43968,43968
f9445ccb-3779-44b1-923d-3467a1d74fa5,94ff6abf-1203-42b8-8e9a-50edf1ecb31f,4,BOOK-826838-723,good,borrowed,2025-07-10T11:10:27.546039+00:00,2025-07-10T11:10:27.546039+00:00,BOOK-826838-723/004/25,Imported from old system - Original BookID: 30560,30560
a33a25fa-9612-4724-b0eb-32652c8acb9e,749d15b8-6a52-4ad7-991c-11075fb46b0c,12,BOOK-145479-916,good,borrowed,2025-07-10T11:49:06.204575+00:00,2025-07-10T11:49:06.204575+00:00,BOOK-145479-916/012/25,Imported from old system - Original BookID: 7776,7776
fe53857a-a321-450d-b4c6-d27983d6a47f,69b21ade-5bfe-4f5a-a7ff-d1d60d3c15d3,40,BOOK-253880-170,good,borrowed,2025-07-10T11:17:34.546504+00:00,2025-07-10T11:17:34.546504+00:00,BOOK-253880-170/040/25,Imported from old system - Original BookID: 50387,50387
54f7e8e0-4458-47f3-8cfd-7efcaf67eddb,8f0d0a8b-0633-4da2-bc56-55251ad52510,75,BOOK-354872-122,good,borrowed,2025-07-10T11:52:35.638178+00:00,2025-07-10T11:52:35.638178+00:00,BOOK-354872-122/075/25,Imported from old system - Original BookID: 26885,26885
2266669e-0310-4484-9041-88971745f3ed,72d7fc70-c42a-437b-9000-706df7bdac08,8,BOOK-489000-528,good,borrowed,2025-07-10T11:21:29.647472+00:00,2025-07-10T11:21:29.647472+00:00,BOOK-489000-528/008/25,Imported from old system - Original BookID: 2218,2218
2eb22aab-27ec-4c7e-a78a-83aabb55be68,005060ba-eb2b-4bd0-823f-82ae1ad69f9c,1,BOOK-921174-838,good,borrowed,2025-07-10T11:12:01.883112+00:00,2025-07-10T11:12:01.883112+00:00,BOOK-921174-838/001/25,Imported from old system - Original BookID: 1256,1256
02ab06d4-411d-4b3c-bc2d-9e3ce624d749,0e9aa9e6-54c8-44a8-aa86-19c6d3cdfd1f,7,BOOK-942699-133,good,borrowed,2025-07-10T11:12:23.360799+00:00,2025-07-10T11:12:23.360799+00:00,BOOK-942699-133/007/25,Imported from old system - Original BookID: 13176,13176
9814aef8-54c3-40b4-92f3-78cb892bc9c1,2c7f6e7b-184c-4958-aa79-f9f9dfa61cfc,3,BOOK-532742-295,good,borrowed,2025-07-10T11:22:13.44377+00:00,2025-07-10T11:22:13.44377+00:00,BOOK-532742-295/003/25,Imported from old system - Original BookID: 7375,7375
7292d2ca-bb12-4c92-ae62-ec03649fd148,380e8876-3d61-467e-85bb-ead3cc91e5e8,257,BOOK-562157-189,good,borrowed,2025-07-10T11:39:23.641542+00:00,2025-07-10T11:39:23.641542+00:00,BOOK-562157-189/257/25,Imported from old system - Original BookID: 22960,22960
3f2389f2-8140-4995-9a6b-829a69271c60,81b0f2c8-0b88-4243-9164-73657836a16b,174,BOOK-671411-941,good,borrowed,2025-07-10T11:41:12.593442+00:00,2025-07-10T11:41:12.593442+00:00,BOOK-671411-941/174/25,Imported from old system - Original BookID: 21488,21488
46342682-8e67-44e0-85f1-1b16f45fd36f,380e8876-3d61-467e-85bb-ead3cc91e5e8,661,BOOK-562157-189,good,borrowed,2025-07-10T11:39:25.465527+00:00,2025-07-10T11:39:25.465527+00:00,BOOK-562157-189/661/25,Imported from old system - Original BookID: 23365,23365
f13c70ec-f4be-4145-8971-1113930edd52,380e8876-3d61-467e-85bb-ead3cc91e5e8,647,BOOK-562157-189,good,borrowed,2025-07-10T11:39:25.465527+00:00,2025-07-10T11:39:25.465527+00:00,BOOK-562157-189/647/25,Imported from old system - Original BookID: 23351,23351
8135d9c7-1907-4cb8-9a24-0b78b45e1f88,7d2137f9-fcf4-4d26-a080-7b3a481387c9,226,BOOK-400507-4,good,borrowed,2025-07-10T11:20:01.913403+00:00,2025-07-10T11:20:01.913403+00:00,BOOK-400507-4/226/25,Imported from old system - Original BookID: 38630,38630
b36cd17c-b996-48d5-9fc7-c1e4683234d1,7d2137f9-fcf4-4d26-a080-7b3a481387c9,391,BOOK-400507-4,good,borrowed,2025-07-10T11:20:02.261509+00:00,2025-07-10T11:20:02.261509+00:00,BOOK-400507-4/391/25,Imported from old system - Original BookID: 38795,38795
980147c6-4146-421a-8679-7ed60b6350c4,7d2137f9-fcf4-4d26-a080-7b3a481387c9,387,BOOK-400507-4,good,borrowed,2025-07-10T11:20:02.261509+00:00,2025-07-10T11:20:02.261509+00:00,BOOK-400507-4/387/25,Imported from old system - Original BookID: 38791,38791
40a68916-dc81-4ae8-a167-ef9826075103,7d2137f9-fcf4-4d26-a080-7b3a481387c9,329,BOOK-400507-4,good,borrowed,2025-07-10T11:20:02.261509+00:00,2025-07-10T11:20:02.261509+00:00,BOOK-400507-4/329/25,Imported from old system - Original BookID: 38733,38733
d625cc70-2f00-4a36-9ea4-5b79921fe1fa,7d2137f9-fcf4-4d26-a080-7b3a481387c9,367,BOOK-400507-4,good,borrowed,2025-07-10T11:20:02.261509+00:00,2025-07-10T11:20:02.261509+00:00,BOOK-400507-4/367/25,Imported from old system - Original BookID: 38771,38771
c869fa15-0132-44f7-8869-ba609dd6f42f,e960b34d-c19d-4255-bfe3-58a714a6220d,526,BOOK-739312-480,good,borrowed,2025-07-10T11:25:42.081227+00:00,2025-07-10T11:25:42.081227+00:00,BOOK-739312-480/526/25,Imported from old system - Original BookID: 19575,19575
9313a940-7ede-46a2-aa48-2bf01bed3212,380e8876-3d61-467e-85bb-ead3cc91e5e8,207,BOOK-562157-189,good,borrowed,2025-07-10T11:39:23.641542+00:00,2025-07-10T11:39:23.641542+00:00,BOOK-562157-189/207/25,Imported from old system - Original BookID: 22910,22910
76cd4077-5356-4d37-a780-84250d495256,380e8876-3d61-467e-85bb-ead3cc91e5e8,583,BOOK-562157-189,good,borrowed,2025-07-10T11:39:24.684135+00:00,2025-07-10T11:39:24.684135+00:00,BOOK-562157-189/583/25,Imported from old system - Original BookID: 23287,23287
ad244600-978b-4978-a04e-8d9ffa8b9213,81b0f2c8-0b88-4243-9164-73657836a16b,170,BOOK-671411-941,good,borrowed,2025-07-10T11:41:12.593442+00:00,2025-07-10T11:41:12.593442+00:00,BOOK-671411-941/170/25,Imported from old system - Original BookID: 21484,21484
ed64ffb9-86e1-4f7c-b700-0ff46b3b83ab,6afdc1f9-4090-4137-b0c5-c12fa765530d,399,BOOK-861610-361,good,borrowed,2025-07-10T11:44:23.354195+00:00,2025-07-10T11:44:23.354195+00:00,BOOK-861610-361/399/25,Imported from old system - Original BookID: 22393,22393
267d31ab-7f77-4fe8-bae1-b61c443a6b46,e960b34d-c19d-4255-bfe3-58a714a6220d,425,BOOK-739312-480,good,borrowed,2025-07-10T11:25:41.691373+00:00,2025-07-10T11:25:41.691373+00:00,BOOK-739312-480/425/25,Imported from old system - Original BookID: 19474,19474
70b0ab80-382a-43bd-b484-978aa39805aa,380e8876-3d61-467e-85bb-ead3cc91e5e8,359,BOOK-562157-189,good,borrowed,2025-07-10T11:39:23.998529+00:00,2025-07-10T11:39:23.998529+00:00,BOOK-562157-189/359/25,Imported from old system - Original BookID: 23063,23063
b6c139d3-c369-4f00-adaa-88470fc1369d,81b0f2c8-0b88-4243-9164-73657836a16b,496,BOOK-671411-941,good,borrowed,2025-07-10T11:41:13.67229+00:00,2025-07-10T11:41:13.67229+00:00,BOOK-671411-941/496/25,Imported from old system - Original BookID: 21811,21811
d3435d13-911f-4417-a2c7-07550038fb47,e960b34d-c19d-4255-bfe3-58a714a6220d,397,BOOK-739312-480,good,borrowed,2025-07-10T11:25:41.295004+00:00,2025-07-10T11:25:41.295004+00:00,BOOK-739312-480/397/25,Imported from old system - Original BookID: 19446,19446
f72c6e01-d268-4e2e-a210-3ec41e98b2b9,380e8876-3d61-467e-85bb-ead3cc91e5e8,613,BOOK-562157-189,good,borrowed,2025-07-10T11:39:25.465527+00:00,2025-07-10T11:39:25.465527+00:00,BOOK-562157-189/613/25,Imported from old system - Original BookID: 23317,23317
d25a46fb-aea3-42cb-81a2-e83bc65899b3,e960b34d-c19d-4255-bfe3-58a714a6220d,530,BOOK-739312-480,good,borrowed,2025-07-10T11:25:42.081227+00:00,2025-07-10T11:25:42.081227+00:00,BOOK-739312-480/530/25,Imported from old system - Original BookID: 19579,19579
e1425261-5b6b-46ac-9f9e-1d0690beddd8,380e8876-3d61-467e-85bb-ead3cc91e5e8,406,BOOK-562157-189,good,borrowed,2025-07-10T11:39:24.345139+00:00,2025-07-10T11:39:24.345139+00:00,BOOK-562157-189/406/25,Imported from old system - Original BookID: 23110,23110
014967b0-f033-46ac-b5dc-576d5e8c33f7,81b0f2c8-0b88-4243-9164-73657836a16b,257,BOOK-671411-941,good,borrowed,2025-07-10T11:41:12.969382+00:00,2025-07-10T11:41:12.969382+00:00,BOOK-671411-941/257/25,Imported from old system - Original BookID: 21571,21571
a4d43536-23b9-4fbc-b75e-767be64937f7,380e8876-3d61-467e-85bb-ead3cc91e5e8,244,BOOK-562157-189,good,borrowed,2025-07-10T11:39:23.641542+00:00,2025-07-10T11:39:23.641542+00:00,BOOK-562157-189/244/25,Imported from old system - Original BookID: 22947,22947
d35864a4-a325-4137-a66a-65f5b49fa83f,6afdc1f9-4090-4137-b0c5-c12fa765530d,506,BOOK-861610-361,good,borrowed,2025-07-10T11:44:24.081571+00:00,2025-07-10T11:44:24.081571+00:00,BOOK-861610-361/506/25,Imported from old system - Original BookID: 22501,22501
e00420fc-f9f8-4b33-a0bb-e25c02811ed8,e960b34d-c19d-4255-bfe3-58a714a6220d,304,BOOK-739312-480,good,borrowed,2025-07-10T11:25:41.295004+00:00,2025-07-10T11:25:41.295004+00:00,BOOK-739312-480/304/25,Imported from old system - Original BookID: 19353,19353
0e601e88-5882-42f4-815d-36ab8da79bda,81b0f2c8-0b88-4243-9164-73657836a16b,473,BOOK-671411-941,good,borrowed,2025-07-10T11:41:13.67229+00:00,2025-07-10T11:41:13.67229+00:00,BOOK-671411-941/473/25,Imported from old system - Original BookID: 21788,21788
55b73c4d-0a02-4620-bd22-42a38a7e324b,380e8876-3d61-467e-85bb-ead3cc91e5e8,564,BOOK-562157-189,good,borrowed,2025-07-10T11:39:24.684135+00:00,2025-07-10T11:39:24.684135+00:00,BOOK-562157-189/564/25,Imported from old system - Original BookID: 23268,23268
163fd40f-eac3-45c7-8fd2-bfa3a2d4e08a,6afdc1f9-4090-4137-b0c5-c12fa765530d,194,BOOK-861610-361,good,borrowed,2025-07-10T11:44:22.696953+00:00,2025-07-10T11:44:22.696953+00:00,BOOK-861610-361/194/25,Imported from old system - Original BookID: 22188,22188
593b7205-72d5-49dd-a25c-ccbff8ec2e98,e63e34b7-9efa-4c8d-8cfc-572861918bc6,11,BOOK-218396-859,good,borrowed,2025-07-10T11:16:59.0913+00:00,2025-07-10T11:16:59.0913+00:00,BOOK-218396-859/011/25,Imported from old system - Original BookID: 21221,21221
a11c94a2-8002-4e99-bac9-d850a8c072b1,a5205007-3fd7-491a-9a98-fe1b3a3180e9,15,BOOK-074594-324,good,borrowed,2025-07-10T11:31:15.302339+00:00,2025-07-10T11:31:15.302339+00:00,BOOK-074594-324/015/25,Imported from old system - Original BookID: 5818,5818
cae7d98d-ae16-4f47-b750-d8c430062fc5,a09d585a-c1c9-425f-903c-b5f386c4bfa3,29,BOOK-806076-513,good,borrowed,2025-07-10T11:10:06.771821+00:00,2025-07-10T11:10:06.771821+00:00,BOOK-806076-513/029/25,Imported from old system - Original BookID: 10850,10850
6eec4aa1-65ea-4350-8c39-4a66f9d3f36e,4b63dbe3-a26a-42fd-aa68-79f2e26ad61a,4,BOOK-046236-640,good,borrowed,2025-07-10T11:14:06.883167+00:00,2025-07-10T11:14:06.883167+00:00,BOOK-046236-640/004/25,Imported from old system - Original BookID: 8533,8533
dba48faa-5c7d-4cae-8f47-662a270af99c,fa26e636-4271-44f5-ac96-a630d192df78,5,BOOK-592052-48,good,borrowed,2025-07-10T11:06:32.775143+00:00,2025-07-10T11:06:32.775143+00:00,BOOK-592052-48/005/25,Imported from old system - Original BookID: 1018,1018
41e83deb-1d35-4404-84bd-0fff5795e28f,8eb8a9a1-ece9-4aaa-adc4-620585510d2a,343,BOOK-849487-485,good,borrowed,2025-07-10T11:44:11.305541+00:00,2025-07-10T11:44:11.305541+00:00,BOOK-849487-485/343/25,Imported from old system - Original BookID: 12125,12125
0945a0f2-a9f9-42f6-b662-587bbfcc5a5e,0b11466d-c385-4834-94d2-acba5c0446de,6,BOOK-390918-121,good,borrowed,2025-07-10T11:19:51.625057+00:00,2025-07-10T11:19:51.625057+00:00,BOOK-390918-121/006/25,Imported from old system - Original BookID: 36151,36151
d64e9eed-9e80-48a2-88ae-6f13e8eb52b0,aec0c985-cc8d-45ca-b68a-5ac7c7c78b38,490,BOOK-029600-254,good,borrowed,2025-07-10T11:30:31.804074+00:00,2025-07-10T11:30:31.804074+00:00,BOOK-029600-254/490/25,Imported from old system - Original BookID: 38051,38051
59e70a73-0149-4fba-99e8-d421e3e338b6,0b11466d-c385-4834-94d2-acba5c0446de,485,BOOK-390918-121,good,borrowed,2025-07-10T11:19:53.015141+00:00,2025-07-10T11:19:53.015141+00:00,BOOK-390918-121/485/25,Imported from old system - Original BookID: 36630,36630
297c646c-93cd-4e0e-9660-671382807eee,3750c112-ecbc-46dc-9c5f-e306f9226a60,10,BOOK-385681-876,good,borrowed,2025-07-10T11:36:26.379677+00:00,2025-07-10T11:36:26.379677+00:00,BOOK-385681-876/010/25,Imported from old system - Original BookID: 1450,1450
756bab4c-9e2c-4c7d-8ab5-e71d150902c0,aad9dc66-5c36-4f69-8db7-91d770b9ec3e,9,BOOK-554864-969,good,borrowed,2025-07-10T11:22:35.5568+00:00,2025-07-10T11:22:35.5568+00:00,BOOK-554864-969/009/25,Imported from old system - Original BookID: 56596,56596
95cb3c52-07d6-4440-8abf-cbe812867cd0,69b21ade-5bfe-4f5a-a7ff-d1d60d3c15d3,4,BOOK-253880-170,good,borrowed,2025-07-10T11:17:34.546504+00:00,2025-07-10T11:17:34.546504+00:00,BOOK-253880-170/004/25,Imported from old system - Original BookID: 50351,50351
856cc71d-9cdf-4464-8ee0-2bd533bdccc8,7c1d6dd3-d172-4439-a806-0a92bddbbe6c,5,BOOK-285005-224,good,borrowed,2025-07-10T11:51:25.702383+00:00,2025-07-10T11:51:25.702383+00:00,BOOK-285005-224/005/25,Imported from old system - Original BookID: 55574,55574
248a34eb-c93a-48aa-9556-91e532564cd6,e29f7622-c658-4b09-88e5-f20b2bdfb377,51,BOOK-554638-681,good,borrowed,2025-07-10T11:39:15.362121+00:00,2025-07-10T11:39:15.362121+00:00,BOOK-554638-681/051/25,Imported from old system - Original BookID: 8379,8379
e92b49df-dc1d-429f-8bd2-f55a24fc740f,bd09773d-20fb-4788-8261-d9873929a208,52,BOOK-986280-859,good,borrowed,2025-07-10T11:29:47.082064+00:00,2025-07-10T11:29:47.082064+00:00,BOOK-986280-859/052/25,Imported from old system - Original BookID: 39063,39063
b78708fb-329f-42dd-b512-50993bc02710,ccfcc99b-30ce-4f8c-a8e6-84119b86fa74,10,BOOK-988867-352,good,borrowed,2025-07-10T11:29:49.643741+00:00,2025-07-10T11:29:49.643741+00:00,BOOK-988867-352/010/25,Imported from old system - Original BookID: 38922,38922
e9596c69-61cf-4bbf-9489-0929aab4bea1,3ba84163-24e5-46f8-a40d-2f55fc4977cc,211,BOOK-776836-863,good,borrowed,2025-07-10T11:42:58.264911+00:00,2025-07-10T11:42:58.264911+00:00,BOOK-776836-863/211/25,Imported from old system - Original BookID: 17702,17702
9361fba2-dd85-4dc3-8745-337e3c7ce35d,ea1f2087-7d4e-4273-ba8a-43d0ab55357e,15,BOOK-366022-206,good,borrowed,2025-07-10T11:36:06.73856+00:00,2025-07-10T11:36:06.73856+00:00,BOOK-366022-206/015/25,Imported from old system - Original BookID: 46035,46035
918a210f-7068-440b-8ca7-68963e2bb713,69b21ade-5bfe-4f5a-a7ff-d1d60d3c15d3,5,BOOK-253880-170,good,borrowed,2025-07-10T11:17:34.546504+00:00,2025-07-10T11:17:34.546504+00:00,BOOK-253880-170/005/25,Imported from old system - Original BookID: 50352,50352
6c1b67ff-3588-4fa8-a9bb-095cdfa877c3,2ded761c-e885-472f-8a73-7e9f021252d2,17,BOOK-941633-697,good,borrowed,2025-07-10T11:12:22.309184+00:00,2025-07-10T11:12:22.309184+00:00,BOOK-941633-697/017/25,Imported from old system - Original BookID: 55513,55513
fb5ca291-7401-46ec-9323-80eb3aeed622,e960b34d-c19d-4255-bfe3-58a714a6220d,579,BOOK-739312-480,good,borrowed,2025-07-10T11:25:42.081227+00:00,2025-07-10T11:25:42.081227+00:00,BOOK-739312-480/579/25,Imported from old system - Original BookID: 19628,19628
79863bf6-2ac4-433b-a4f0-14122b0181d6,6afdc1f9-4090-4137-b0c5-c12fa765530d,657,BOOK-861610-361,good,borrowed,2025-07-10T11:44:24.450115+00:00,2025-07-10T11:44:24.450115+00:00,BOOK-861610-361/657/25,Imported from old system - Original BookID: 22652,22652
000d1fb2-c98e-4b0f-8d54-6a15fe5c2e69,bd09773d-20fb-4788-8261-d9873929a208,97,BOOK-986280-859,good,borrowed,2025-07-10T11:29:47.082064+00:00,2025-07-10T11:29:47.082064+00:00,BOOK-986280-859/097/25,Imported from old system - Original BookID: 39108,39108
b3b46c15-6486-4ff6-a54d-fd075655fe26,7d2137f9-fcf4-4d26-a080-7b3a481387c9,376,BOOK-400507-4,good,borrowed,2025-07-10T11:20:02.261509+00:00,2025-07-10T11:20:02.261509+00:00,BOOK-400507-4/376/25,Imported from old system - Original BookID: 38780,38780
0ba9a6e3-a211-42aa-b432-ba71b1040aec,fe49ff93-f0be-4d53-8e71-e35a26b1214c,75,BOOK-971162-874,good,borrowed,2025-07-10T11:29:31.937857+00:00,2025-07-10T11:29:31.937857+00:00,BOOK-971162-874/075/25,Imported from old system - Original BookID: 30639,30639
25eea5b4-45cc-463d-932e-4f0b5460ffae,fe49ff93-f0be-4d53-8e71-e35a26b1214c,57,BOOK-971162-874,good,borrowed,2025-07-10T11:29:31.937857+00:00,2025-07-10T11:29:31.937857+00:00,BOOK-971162-874/057/25,Imported from old system - Original BookID: 30621,30621
fc3546bd-9dc9-4851-9f21-84214717977d,fe49ff93-f0be-4d53-8e71-e35a26b1214c,23,BOOK-971162-874,good,borrowed,2025-07-10T11:29:31.937857+00:00,2025-07-10T11:29:31.937857+00:00,BOOK-971162-874/023/25,Imported from old system - Original BookID: 30587,30587
1eef5a21-2889-4bd6-8e71-2ddefee7759f,fe49ff93-f0be-4d53-8e71-e35a26b1214c,71,BOOK-971162-874,good,borrowed,2025-07-10T11:29:31.937857+00:00,2025-07-10T11:29:31.937857+00:00,BOOK-971162-874/071/25,Imported from old system - Original BookID: 30635,30635
948d1c63-5145-497c-8496-0095ab1da754,fe49ff93-f0be-4d53-8e71-e35a26b1214c,43,BOOK-971162-874,good,borrowed,2025-07-10T11:29:31.937857+00:00,2025-07-10T11:29:31.937857+00:00,BOOK-971162-874/043/25,Imported from old system - Original BookID: 30607,30607
8a65f45e-b8f8-4587-9a2c-0b801486a8de,7ffe811d-a003-4420-a228-96979e5adbdb,420,BOOK-913534-5,good,borrowed,2025-07-10T11:45:15.619466+00:00,2025-07-10T11:45:15.619466+00:00,BOOK-913534-5/420/25,Imported from old system - Original BookID: 39626,39626
a5288540-8ba1-422b-a0e9-5bf664eccbdf,6afdc1f9-4090-4137-b0c5-c12fa765530d,534,BOOK-861610-361,good,borrowed,2025-07-10T11:44:24.081571+00:00,2025-07-10T11:44:24.081571+00:00,BOOK-861610-361/534/25,Imported from old system - Original BookID: 22529,22529
c5b72365-699e-4f24-9fa2-9adc1d6e8af8,81b0f2c8-0b88-4243-9164-73657836a16b,455,BOOK-671411-941,good,borrowed,2025-07-10T11:41:13.67229+00:00,2025-07-10T11:41:13.67229+00:00,BOOK-671411-941/455/25,Imported from old system - Original BookID: 21770,21770
0ab30920-4432-43de-bb32-a313e5e69987,380e8876-3d61-467e-85bb-ead3cc91e5e8,430,BOOK-562157-189,good,borrowed,2025-07-10T11:39:24.345139+00:00,2025-07-10T11:39:24.345139+00:00,BOOK-562157-189/430/25,Imported from old system - Original BookID: 23134,23134
dc3e7133-cc08-4de3-9d9c-e1d36d063de8,53cc2c34-96c4-4ea0-84c9-5380e215cd9a,119,BOOK-073163-580,good,borrowed,2025-07-10T11:14:34.155782+00:00,2025-07-10T11:14:34.155782+00:00,BOOK-073163-580/119/25,Imported from old system - Original BookID: 21417,21417
777a9079-718b-4647-a1af-1e3127160781,53cc2c34-96c4-4ea0-84c9-5380e215cd9a,133,BOOK-073163-580,good,borrowed,2025-07-10T11:14:34.155782+00:00,2025-07-10T11:14:34.155782+00:00,BOOK-073163-580/133/25,Imported from old system - Original BookID: 21431,21431
08fa2fe0-d444-45f2-abbb-75ee1b22caa6,bd09773d-20fb-4788-8261-d9873929a208,155,BOOK-986280-859,good,borrowed,2025-07-10T11:29:47.420925+00:00,2025-07-10T11:29:47.420925+00:00,BOOK-986280-859/155/25,Imported from old system - Original BookID: 39201,39201
e81f6de4-3879-4254-ab59-e38f04a2b19a,7d2137f9-fcf4-4d26-a080-7b3a481387c9,363,BOOK-400507-4,good,borrowed,2025-07-10T11:20:02.261509+00:00,2025-07-10T11:20:02.261509+00:00,BOOK-400507-4/363/25,Imported from old system - Original BookID: 38767,38767
0aa50647-3bed-4c48-9e56-912a8fe6a306,380e8876-3d61-467e-85bb-ead3cc91e5e8,331,BOOK-562157-189,good,borrowed,2025-07-10T11:39:23.998529+00:00,2025-07-10T11:39:23.998529+00:00,BOOK-562157-189/331/25,Imported from old system - Original BookID: 23035,23035
eb99ea82-e348-4b78-ac82-adc0471036d9,81b0f2c8-0b88-4243-9164-73657836a16b,542,BOOK-671411-941,good,borrowed,2025-07-10T11:41:14.021212+00:00,2025-07-10T11:41:14.021212+00:00,BOOK-671411-941/542/25,Imported from old system - Original BookID: 21857,21857
2790e18a-43f2-4a64-a954-14cec2280df3,380e8876-3d61-467e-85bb-ead3cc91e5e8,439,BOOK-562157-189,good,borrowed,2025-07-10T11:39:24.345139+00:00,2025-07-10T11:39:24.345139+00:00,BOOK-562157-189/439/25,Imported from old system - Original BookID: 23143,23143
cfb57117-9bc8-4938-992e-c64eb33743bb,380e8876-3d61-467e-85bb-ead3cc91e5e8,103,BOOK-562157-189,good,borrowed,2025-07-10T11:39:23.280262+00:00,2025-07-10T11:39:23.280262+00:00,BOOK-562157-189/103/25,Imported from old system - Original BookID: 22806,22806
c57563b3-ce34-4e86-8cef-2ace10f3f80c,81b0f2c8-0b88-4243-9164-73657836a16b,189,BOOK-671411-941,good,borrowed,2025-07-10T11:41:12.593442+00:00,2025-07-10T11:41:12.593442+00:00,BOOK-671411-941/189/25,Imported from old system - Original BookID: 21503,21503
629e0c15-d539-484d-a7a7-47887b9f52b8,6afdc1f9-4090-4137-b0c5-c12fa765530d,209,BOOK-861610-361,good,borrowed,2025-07-10T11:44:23.025259+00:00,2025-07-10T11:44:23.025259+00:00,BOOK-861610-361/209/25,Imported from old system - Original BookID: 22203,22203
c4908d48-de83-4e71-bc7f-93c48b1b13de,81b0f2c8-0b88-4243-9164-73657836a16b,763,BOOK-671411-941,good,borrowed,2025-07-10T11:41:14.757073+00:00,2025-07-10T11:41:14.757073+00:00,BOOK-671411-941/763/25,Imported from old system - Original BookID: 22078,22078
a6fadafe-c83d-44b1-a488-f9697c3193e3,81b0f2c8-0b88-4243-9164-73657836a16b,622,BOOK-671411-941,good,borrowed,2025-07-10T11:41:14.412661+00:00,2025-07-10T11:41:14.412661+00:00,BOOK-671411-941/622/25,Imported from old system - Original BookID: 21937,21937
4c3bac10-5aa7-4306-85f9-8226856cb008,380e8876-3d61-467e-85bb-ead3cc91e5e8,666,BOOK-562157-189,good,borrowed,2025-07-10T11:39:25.465527+00:00,2025-07-10T11:39:25.465527+00:00,BOOK-562157-189/666/25,Imported from old system - Original BookID: 23370,23370
1cf0fad2-bdea-4e6d-a918-7e7b024cd5a8,7d2137f9-fcf4-4d26-a080-7b3a481387c9,179,BOOK-400507-4,good,borrowed,2025-07-10T11:20:01.538169+00:00,2025-07-10T11:20:01.538169+00:00,BOOK-400507-4/179/25,Imported from old system - Original BookID: 38583,38583
34061cdb-b823-404c-bea1-51492f366f69,7d2137f9-fcf4-4d26-a080-7b3a481387c9,65,BOOK-400507-4,good,borrowed,2025-07-10T11:20:01.209072+00:00,2025-07-10T11:20:01.209072+00:00,BOOK-400507-4/065/25,Imported from old system - Original BookID: 38469,38469
936c84d5-62d2-48b0-995b-eaff205e22c1,7d2137f9-fcf4-4d26-a080-7b3a481387c9,72,BOOK-400507-4,good,borrowed,2025-07-10T11:20:01.209072+00:00,2025-07-10T11:20:01.209072+00:00,BOOK-400507-4/072/25,Imported from old system - Original BookID: 38476,38476
96344fe0-6fbc-4244-b4f7-75ad76d6ee0c,7d2137f9-fcf4-4d26-a080-7b3a481387c9,170,BOOK-400507-4,good,borrowed,2025-07-10T11:20:01.538169+00:00,2025-07-10T11:20:01.538169+00:00,BOOK-400507-4/170/25,Imported from old system - Original BookID: 38574,38574
e5a2d4ce-4b1b-492b-afff-5fa0c751b5be,7d2137f9-fcf4-4d26-a080-7b3a481387c9,178,BOOK-400507-4,good,borrowed,2025-07-10T11:20:01.538169+00:00,2025-07-10T11:20:01.538169+00:00,BOOK-400507-4/178/25,Imported from old system - Original BookID: 38582,38582
fb22e052-c8bc-4127-9880-8a43da5d4a09,fe49ff93-f0be-4d53-8e71-e35a26b1214c,2,BOOK-971162-874,good,borrowed,2025-07-10T11:29:31.937857+00:00,2025-07-10T11:29:31.937857+00:00,BOOK-971162-874/002/25,Imported from old system - Original BookID: 30566,30566
15929e2a-179f-4d14-9499-74a590c7a629,c9a173e0-e386-4af9-95ae-94859b9aeb49,79,BOOK-052100-276,good,borrowed,2025-07-10T11:30:52.84784+00:00,2025-07-10T11:30:52.84784+00:00,BOOK-052100-276/079/25,Imported from old system - Original BookID: 40613,40613
1dfdd1fc-7d6f-499e-9c5f-b6e796a695f6,c9a173e0-e386-4af9-95ae-94859b9aeb49,78,BOOK-052100-276,good,borrowed,2025-07-10T11:30:52.84784+00:00,2025-07-10T11:30:52.84784+00:00,BOOK-052100-276/078/25,Imported from old system - Original BookID: 40612,40612
0cea56f5-8407-4f4b-8e20-79b1aea61a18,e960b34d-c19d-4255-bfe3-58a714a6220d,507,BOOK-739312-480,good,borrowed,2025-07-10T11:25:42.081227+00:00,2025-07-10T11:25:42.081227+00:00,BOOK-739312-480/507/25,Imported from old system - Original BookID: 19556,19556
b96b54cb-bea5-4aef-a567-aac9a217a4c4,e960b34d-c19d-4255-bfe3-58a714a6220d,564,BOOK-739312-480,good,borrowed,2025-07-10T11:25:42.081227+00:00,2025-07-10T11:25:42.081227+00:00,BOOK-739312-480/564/25,Imported from old system - Original BookID: 19613,19613
d8f23c8f-98bb-416d-b7bb-505a82fac0ff,380e8876-3d61-467e-85bb-ead3cc91e5e8,508,BOOK-562157-189,good,borrowed,2025-07-10T11:39:24.684135+00:00,2025-07-10T11:39:24.684135+00:00,BOOK-562157-189/508/25,Imported from old system - Original BookID: 23212,23212
236b818f-99da-4492-a79e-00522f73ab0d,81b0f2c8-0b88-4243-9164-73657836a16b,215,BOOK-671411-941,good,borrowed,2025-07-10T11:41:12.969382+00:00,2025-07-10T11:41:12.969382+00:00,BOOK-671411-941/215/25,Imported from old system - Original BookID: 21529,21529
48bcc9f9-e383-44d2-b58e-464c27d7aec7,380e8876-3d61-467e-85bb-ead3cc91e5e8,345,BOOK-562157-189,good,borrowed,2025-07-10T11:39:23.998529+00:00,2025-07-10T11:39:23.998529+00:00,BOOK-562157-189/345/25,Imported from old system - Original BookID: 23049,23049
33c5f056-b9c5-4e92-907f-275311f12253,16b3b1ec-e299-49d9-a2d6-06464f9d2ca1,48,BOOK-522802-725,good,borrowed,2025-07-10T11:38:43.551077+00:00,2025-07-10T11:38:43.551077+00:00,BOOK-522802-725/048/25,Imported from old system - Original BookID: 33857,33857
8d70e2cc-dd29-47b0-ab8b-cfc1982721b8,16b3b1ec-e299-49d9-a2d6-06464f9d2ca1,43,BOOK-522802-725,good,borrowed,2025-07-10T11:38:43.551077+00:00,2025-07-10T11:38:43.551077+00:00,BOOK-522802-725/043/25,Imported from old system - Original BookID: 33846,33846
32a59dab-baaa-40c0-90c6-02e9eb797e78,16b3b1ec-e299-49d9-a2d6-06464f9d2ca1,42,BOOK-522802-725,good,borrowed,2025-07-10T11:38:43.551077+00:00,2025-07-10T11:38:43.551077+00:00,BOOK-522802-725/042/25,Imported from old system - Original BookID: 33813,33813
ee4eca4e-17cd-4bc5-a123-9653e672a00e,6f070650-a192-475c-ad6f-41c6cf6f37cc,80,BOOK-241531-859,good,borrowed,2025-07-10T11:34:02.315754+00:00,2025-07-10T11:34:02.315754+00:00,BOOK-241531-859/080/25,Imported from old system - Original BookID: 29818,29818
9da66714-3457-453e-87f6-ebc63cffb650,6f070650-a192-475c-ad6f-41c6cf6f37cc,123,BOOK-241531-859,good,borrowed,2025-07-10T11:34:02.706606+00:00,2025-07-10T11:34:02.706606+00:00,BOOK-241531-859/123/25,Imported from old system - Original BookID: 29861,29861
662ff319-c8b3-430c-a013-8bfb9c7b862f,6f070650-a192-475c-ad6f-41c6cf6f37cc,121,BOOK-241531-859,good,borrowed,2025-07-10T11:34:02.706606+00:00,2025-07-10T11:34:02.706606+00:00,BOOK-241531-859/121/25,Imported from old system - Original BookID: 29859,29859
ed525d2a-0b3c-460b-80d8-b34c886be7fb,6f070650-a192-475c-ad6f-41c6cf6f37cc,101,BOOK-241531-859,good,borrowed,2025-07-10T11:34:02.706606+00:00,2025-07-10T11:34:02.706606+00:00,BOOK-241531-859/101/25,Imported from old system - Original BookID: 29839,29839
0ef109d8-5b1c-42c5-a15d-8fa5addedb73,6f070650-a192-475c-ad6f-41c6cf6f37cc,111,BOOK-241531-859,good,borrowed,2025-07-10T11:34:02.706606+00:00,2025-07-10T11:34:02.706606+00:00,BOOK-241531-859/111/25,Imported from old system - Original BookID: 29849,29849
db5e082d-aa0b-4f7f-9fbe-2b4d387833b0,6f070650-a192-475c-ad6f-41c6cf6f37cc,116,BOOK-241531-859,good,borrowed,2025-07-10T11:34:02.706606+00:00,2025-07-10T11:34:02.706606+00:00,BOOK-241531-859/116/25,Imported from old system - Original BookID: 29854,29854
314ef02a-2534-41aa-b792-556569bc3531,53cc2c34-96c4-4ea0-84c9-5380e215cd9a,49,BOOK-073163-580,good,borrowed,2025-07-10T11:14:33.855203+00:00,2025-07-10T11:14:33.855203+00:00,BOOK-073163-580/049/25,Imported from old system - Original BookID: 9944,9944
1ddbb934-9012-46de-accf-ef43f7096da8,7d2137f9-fcf4-4d26-a080-7b3a481387c9,284,BOOK-400507-4,good,borrowed,2025-07-10T11:20:01.913403+00:00,2025-07-10T11:20:01.913403+00:00,BOOK-400507-4/284/25,Imported from old system - Original BookID: 38688,38688
433dee3b-ba17-4123-bb26-a8a7e77dbbfb,7d2137f9-fcf4-4d26-a080-7b3a481387c9,290,BOOK-400507-4,good,borrowed,2025-07-10T11:20:01.913403+00:00,2025-07-10T11:20:01.913403+00:00,BOOK-400507-4/290/25,Imported from old system - Original BookID: 38694,38694
2fa767c3-b497-4af8-ac3c-d3b918d68637,7d2137f9-fcf4-4d26-a080-7b3a481387c9,227,BOOK-400507-4,good,borrowed,2025-07-10T11:20:01.913403+00:00,2025-07-10T11:20:01.913403+00:00,BOOK-400507-4/227/25,Imported from old system - Original BookID: 38631,38631
64c17bac-9f33-45a6-acaf-d9e42a9702de,7d2137f9-fcf4-4d26-a080-7b3a481387c9,215,BOOK-400507-4,good,borrowed,2025-07-10T11:20:01.913403+00:00,2025-07-10T11:20:01.913403+00:00,BOOK-400507-4/215/25,Imported from old system - Original BookID: 38619,38619
6bdf5e49-a744-4307-87b0-16534829a4b1,7d2137f9-fcf4-4d26-a080-7b3a481387c9,213,BOOK-400507-4,good,borrowed,2025-07-10T11:20:01.913403+00:00,2025-07-10T11:20:01.913403+00:00,BOOK-400507-4/213/25,Imported from old system - Original BookID: 38617,38617
eac86390-2958-41ed-8a46-78b8ed823879,7d2137f9-fcf4-4d26-a080-7b3a481387c9,281,BOOK-400507-4,good,borrowed,2025-07-10T11:20:01.913403+00:00,2025-07-10T11:20:01.913403+00:00,BOOK-400507-4/281/25,Imported from old system - Original BookID: 38685,38685
7afeb73b-6cc2-484b-bd75-cbe9d1205213,7d2137f9-fcf4-4d26-a080-7b3a481387c9,279,BOOK-400507-4,good,borrowed,2025-07-10T11:20:01.913403+00:00,2025-07-10T11:20:01.913403+00:00,BOOK-400507-4/279/25,Imported from old system - Original BookID: 38683,38683
1ca8aa40-ccaa-42b7-8252-7a9f8b4e68df,e960b34d-c19d-4255-bfe3-58a714a6220d,332,BOOK-739312-480,good,borrowed,2025-07-10T11:25:41.295004+00:00,2025-07-10T11:25:41.295004+00:00,BOOK-739312-480/332/25,Imported from old system - Original BookID: 19381,19381
9b5f4969-676b-41bf-a3eb-cac852247aeb,6afdc1f9-4090-4137-b0c5-c12fa765530d,470,BOOK-861610-361,good,borrowed,2025-07-10T11:44:23.733713+00:00,2025-07-10T11:44:23.733713+00:00,BOOK-861610-361/470/25,Imported from old system - Original BookID: 22465,22465
fd71bb2d-42cc-4b7e-96bf-8ae2290595f3,e960b34d-c19d-4255-bfe3-58a714a6220d,339,BOOK-739312-480,good,borrowed,2025-07-10T11:25:41.295004+00:00,2025-07-10T11:25:41.295004+00:00,BOOK-739312-480/339/25,Imported from old system - Original BookID: 19388,19388
0bacf58b-3351-41fd-ac73-5bab2edd54d9,e960b34d-c19d-4255-bfe3-58a714a6220d,345,BOOK-739312-480,good,borrowed,2025-07-10T11:25:41.295004+00:00,2025-07-10T11:25:41.295004+00:00,BOOK-739312-480/345/25,Imported from old system - Original BookID: 19394,19394
ed388ab3-493d-4dd8-bbb9-4704d5c5efb1,380e8876-3d61-467e-85bb-ead3cc91e5e8,112,BOOK-562157-189,good,borrowed,2025-07-10T11:39:23.280262+00:00,2025-07-10T11:39:23.280262+00:00,BOOK-562157-189/112/25,Imported from old system - Original BookID: 22815,22815
56a78cdf-b0f7-4056-8516-c16901990f78,6afdc1f9-4090-4137-b0c5-c12fa765530d,405,BOOK-861610-361,good,borrowed,2025-07-10T11:44:23.733713+00:00,2025-07-10T11:44:23.733713+00:00,BOOK-861610-361/405/25,Imported from old system - Original BookID: 22399,22399
c76c3f9c-8b5e-4697-ade5-cce9f6e4aaa4,81b0f2c8-0b88-4243-9164-73657836a16b,157,BOOK-671411-941,good,borrowed,2025-07-10T11:41:12.593442+00:00,2025-07-10T11:41:12.593442+00:00,BOOK-671411-941/157/25,Imported from old system - Original BookID: 21471,21471
219b4073-9161-48b1-8046-731ade58f5c5,26fa1c35-68e9-4ac0-9fc8-3822788a6399,7,BOOK-482411-24,good,borrowed,2025-07-10T11:21:23.098881+00:00,2025-07-10T11:21:23.098881+00:00,BOOK-482411-24/007/25,Imported from old system - Original BookID: 2157,2157
caf13e7e-2529-4949-816a-fb9693053d7d,048a5532-fae3-4087-9759-ccad643c985c,87,BOOK-656381-193,good,borrowed,2025-07-10T11:40:57.129952+00:00,2025-07-10T11:40:57.129952+00:00,BOOK-656381-193/087/25,Imported from old system - Original BookID: 10648,10648
7113b171-9f21-4355-89b1-be0aa84b58ca,6f070650-a192-475c-ad6f-41c6cf6f37cc,630,BOOK-241531-859,good,borrowed,2025-07-10T11:34:04.52727+00:00,2025-07-10T11:34:04.52727+00:00,BOOK-241531-859/630/25,Imported from old system - Original BookID: 30372,30372
3d048f90-8968-4a13-b12c-30dcfa3d0ab3,1c619087-7de7-45af-9e6a-9e24006e0c32,1,BOOK-244936-837,good,borrowed,2025-07-10T11:34:05.571699+00:00,2025-07-10T11:34:05.571699+00:00,BOOK-244936-837/001/25,Imported from old system - Original BookID: 30404,30404
674132c0-572c-43ff-a0f5-0398856e414f,e8e07c9f-5e08-4486-a0bd-e1769321aeee,240,BOOK-770725-679,good,borrowed,2025-07-10T11:26:12.202323+00:00,2025-07-10T11:26:12.202323+00:00,BOOK-770725-679/240/25,Imported from old system - Original BookID: 23418,23418
c7d25e6a-623f-4d17-b607-a89bf343a082,8374a76d-aa39-4668-89ca-53e1e66e3bb5,1,BOOK-417644-293,good,borrowed,2025-07-10T11:36:58.37279+00:00,2025-07-10T11:36:58.37279+00:00,BOOK-417644-293/001/25,Imported from old system - Original BookID: 3214,3214
b17ea675-ac8d-45af-a0fe-1672a60e0208,bb6117ff-99dc-414e-8774-afede192158c,486,BOOK-719156-252,good,borrowed,2025-07-10T11:42:01.348608+00:00,2025-07-10T11:42:01.348608+00:00,BOOK-719156-252/486/25,Imported from old system - Original BookID: 32014,32014
b9c8f75e-7a2a-43c7-8d70-61831737830d,21866044-9bc8-42bc-87f6-63c0c445b49e,5,BOOK-198782-417,good,borrowed,2025-07-10T11:16:39.479126+00:00,2025-07-10T11:16:39.479126+00:00,BOOK-198782-417/005/25,Imported from old system - Original BookID: 5683,5683
f8c0e7af-b77a-42a3-83a0-a676768b98b7,69b21ade-5bfe-4f5a-a7ff-d1d60d3c15d3,17,BOOK-253880-170,good,borrowed,2025-07-10T11:17:34.546504+00:00,2025-07-10T11:17:34.546504+00:00,BOOK-253880-170/017/25,Imported from old system - Original BookID: 50364,50364
c293013f-2049-4fe8-ad1f-76e5e95c2e38,074d60f7-a810-48c1-95c7-366cf922f8ca,71,BOOK-984007-500,good,borrowed,2025-07-10T11:29:44.757155+00:00,2025-07-10T11:29:44.757155+00:00,BOOK-984007-500/071/25,Imported from old system - Original BookID: 38910,38910
261846e5-da79-4b11-938e-68d4a8529090,2b8569ae-4acc-429e-83bf-5621ea7223c3,118,BOOK-795686-571,good,borrowed,2025-07-10T11:43:16.758379+00:00,2025-07-10T11:43:16.758379+00:00,BOOK-795686-571/118/25,Imported from old system - Original BookID: 36015,36015
cac6b6d7-0ee5-404f-a081-a20627f6f2b8,81b0f2c8-0b88-4243-9164-73657836a16b,617,BOOK-671411-941,good,borrowed,2025-07-10T11:41:14.412661+00:00,2025-07-10T11:41:14.412661+00:00,BOOK-671411-941/617/25,Imported from old system - Original BookID: 21932,21932
e954b58e-cdc7-408f-b841-4870042509d0,6f070650-a192-475c-ad6f-41c6cf6f37cc,552,BOOK-241531-859,good,borrowed,2025-07-10T11:34:04.199296+00:00,2025-07-10T11:34:04.199296+00:00,BOOK-241531-859/552/25,Imported from old system - Original BookID: 30294,30294
ad4df248-1100-4e36-975c-22fd37423f2d,6f070650-a192-475c-ad6f-41c6cf6f37cc,609,BOOK-241531-859,good,borrowed,2025-07-10T11:34:04.52727+00:00,2025-07-10T11:34:04.52727+00:00,BOOK-241531-859/609/25,Imported from old system - Original BookID: 30351,30351
bad0168f-7ff9-4d66-aaa3-aa5b278720ce,6f070650-a192-475c-ad6f-41c6cf6f37cc,303,BOOK-241531-859,good,borrowed,2025-07-10T11:34:03.454903+00:00,2025-07-10T11:34:03.454903+00:00,BOOK-241531-859/303/25,Imported from old system - Original BookID: 30043,30043
d98f5a5f-17e5-4644-b042-fbb4a93311e5,6f070650-a192-475c-ad6f-41c6cf6f37cc,429,BOOK-241531-859,good,borrowed,2025-07-10T11:34:03.828739+00:00,2025-07-10T11:34:03.828739+00:00,BOOK-241531-859/429/25,Imported from old system - Original BookID: 30171,30171
8d1e54b3-aba9-4cc7-9036-0b24bef620e5,6f070650-a192-475c-ad6f-41c6cf6f37cc,607,BOOK-241531-859,good,borrowed,2025-07-10T11:34:04.52727+00:00,2025-07-10T11:34:04.52727+00:00,BOOK-241531-859/607/25,Imported from old system - Original BookID: 30349,30349
07ad4dca-546a-4dfb-8aea-87695af73015,53cc2c34-96c4-4ea0-84c9-5380e215cd9a,123,BOOK-073163-580,good,borrowed,2025-07-10T11:14:34.155782+00:00,2025-07-10T11:14:34.155782+00:00,BOOK-073163-580/123/25,Imported from old system - Original BookID: 21421,21421
e1d52977-9543-4213-9585-92c0434904ca,38870425-9ac2-4176-9fbd-408cf8a490ec,5,BOOK-665975-672,good,borrowed,2025-07-10T11:07:46.655962+00:00,2025-07-10T11:07:46.655962+00:00,BOOK-665975-672/005/25,Imported from old system - Original BookID: 38061,38061
0bf314c0-d45b-4cdf-8c1a-56613723bfab,38870425-9ac2-4176-9fbd-408cf8a490ec,7,BOOK-665975-672,good,borrowed,2025-07-10T11:07:46.655962+00:00,2025-07-10T11:07:46.655962+00:00,BOOK-665975-672/007/25,Imported from old system - Original BookID: 38063,38063
533fc25f-acbd-475f-b4d4-5d758748f486,38870425-9ac2-4176-9fbd-408cf8a490ec,8,BOOK-665975-672,good,borrowed,2025-07-10T11:07:46.655962+00:00,2025-07-10T11:07:46.655962+00:00,BOOK-665975-672/008/25,Imported from old system - Original BookID: 38064,38064
9a29b1a6-6470-445d-8b9b-d1af60501b58,38870425-9ac2-4176-9fbd-408cf8a490ec,10,BOOK-665975-672,good,borrowed,2025-07-10T11:07:46.655962+00:00,2025-07-10T11:07:46.655962+00:00,BOOK-665975-672/010/25,Imported from old system - Original BookID: 38066,38066
c1f4d34c-45f4-4e92-b2fc-5b8dd58578f5,38870425-9ac2-4176-9fbd-408cf8a490ec,13,BOOK-665975-672,good,borrowed,2025-07-10T11:07:46.655962+00:00,2025-07-10T11:07:46.655962+00:00,BOOK-665975-672/013/25,Imported from old system - Original BookID: 38069,38069
50c04aac-d3e9-43b6-9628-4338963ed075,2b8569ae-4acc-429e-83bf-5621ea7223c3,116,BOOK-795686-571,good,borrowed,2025-07-10T11:43:16.758379+00:00,2025-07-10T11:43:16.758379+00:00,BOOK-795686-571/116/25,Imported from old system - Original BookID: 36013,36013
d60897d1-bfa0-4e03-b1dd-c9d94e8f130f,2b8569ae-4acc-429e-83bf-5621ea7223c3,48,BOOK-795686-571,good,borrowed,2025-07-10T11:43:16.439564+00:00,2025-07-10T11:43:16.439564+00:00,BOOK-795686-571/048/25,Imported from old system - Original BookID: 35945,35945
b2ae012d-244e-4a45-ba8c-acdce05e4aa8,2b8569ae-4acc-429e-83bf-5621ea7223c3,89,BOOK-795686-571,good,borrowed,2025-07-10T11:43:16.439564+00:00,2025-07-10T11:43:16.439564+00:00,BOOK-795686-571/089/25,Imported from old system - Original BookID: 35986,35986
4d7cf2f7-547b-4d6b-af5b-f3c561ea3623,2b8569ae-4acc-429e-83bf-5621ea7223c3,29,BOOK-795686-571,good,borrowed,2025-07-10T11:43:16.439564+00:00,2025-07-10T11:43:16.439564+00:00,BOOK-795686-571/029/25,Imported from old system - Original BookID: 35926,35926
31a12a80-79d4-4747-bebf-24ead506b0e0,2b8569ae-4acc-429e-83bf-5621ea7223c3,27,BOOK-795686-571,good,borrowed,2025-07-10T11:43:16.439564+00:00,2025-07-10T11:43:16.439564+00:00,BOOK-795686-571/027/25,Imported from old system - Original BookID: 35924,35924
472c740c-b93f-4add-a83d-cf294f1051a5,2b8569ae-4acc-429e-83bf-5621ea7223c3,59,BOOK-795686-571,good,borrowed,2025-07-10T11:43:16.439564+00:00,2025-07-10T11:43:16.439564+00:00,BOOK-795686-571/059/25,Imported from old system - Original BookID: 35956,35956
a4c5e548-798d-4f2f-a382-b171b6f53f48,2b8569ae-4acc-429e-83bf-5621ea7223c3,58,BOOK-795686-571,good,borrowed,2025-07-10T11:43:16.439564+00:00,2025-07-10T11:43:16.439564+00:00,BOOK-795686-571/058/25,Imported from old system - Original BookID: 35955,35955
5f2bd202-a638-4c8a-85ac-a786f0e3de04,2b8569ae-4acc-429e-83bf-5621ea7223c3,56,BOOK-795686-571,good,borrowed,2025-07-10T11:43:16.439564+00:00,2025-07-10T11:43:16.439564+00:00,BOOK-795686-571/056/25,Imported from old system - Original BookID: 35953,35953
70149426-b899-48d0-bf3d-0d1ee69918b6,2b8569ae-4acc-429e-83bf-5621ea7223c3,51,BOOK-795686-571,good,borrowed,2025-07-10T11:43:16.439564+00:00,2025-07-10T11:43:16.439564+00:00,BOOK-795686-571/051/25,Imported from old system - Original BookID: 35948,35948
2606c9c1-5734-4ba8-ac77-523fb1bb9223,fe49ff93-f0be-4d53-8e71-e35a26b1214c,31,BOOK-971162-874,good,borrowed,2025-07-10T11:29:31.937857+00:00,2025-07-10T11:29:31.937857+00:00,BOOK-971162-874/031/25,Imported from old system - Original BookID: 30595,30595
fad7e5a8-f608-46ba-b10c-4898d28d7004,fe49ff93-f0be-4d53-8e71-e35a26b1214c,65,BOOK-971162-874,good,borrowed,2025-07-10T11:29:31.937857+00:00,2025-07-10T11:29:31.937857+00:00,BOOK-971162-874/065/25,Imported from old system - Original BookID: 30629,30629
5c576ed9-cdfe-4065-b805-f9fdf8ee15d5,fe49ff93-f0be-4d53-8e71-e35a26b1214c,35,BOOK-971162-874,good,borrowed,2025-07-10T11:29:31.937857+00:00,2025-07-10T11:29:31.937857+00:00,BOOK-971162-874/035/25,Imported from old system - Original BookID: 30599,30599
8f75dd3d-54c0-495b-ba5d-014249801316,8c42639e-a76d-4008-a2bb-3cd61656670d,233,BOOK-055746-557,good,borrowed,2025-07-10T11:47:37.182705+00:00,2025-07-10T11:47:37.182705+00:00,BOOK-055746-557/233/25,Imported from old system - Original BookID: 33124,33124
9c9d6b8f-5047-436f-8400-28934b5e233e,8c42639e-a76d-4008-a2bb-3cd61656670d,227,BOOK-055746-557,good,borrowed,2025-07-10T11:47:37.182705+00:00,2025-07-10T11:47:37.182705+00:00,BOOK-055746-557/227/25,Imported from old system - Original BookID: 33118,33118
055ba3c5-1d7c-460e-b924-403b61f32be4,8c42639e-a76d-4008-a2bb-3cd61656670d,9,BOOK-055746-557,good,borrowed,2025-07-10T11:47:36.514366+00:00,2025-07-10T11:47:36.514366+00:00,BOOK-055746-557/009/25,Imported from old system - Original BookID: 32900,32900
0ec1a81b-bf7b-49d6-aaad-4d4f4632a740,8c42639e-a76d-4008-a2bb-3cd61656670d,62,BOOK-055746-557,good,borrowed,2025-07-10T11:47:36.514366+00:00,2025-07-10T11:47:36.514366+00:00,BOOK-055746-557/062/25,Imported from old system - Original BookID: 32953,32953
